Name,Rarity,Type,Description,Card Id,Pack Name,Set Number
3rd age amulet,Legendary,Item,,1,,
3rd age axe,Legendary,Item,,2,,
3rd age bow,Legendary,Item,,3,,
3rd age cloak,Legendary,Item,,4,,
3rd age druidic cloak,Legendary,Item,,5,,
3rd age druidic robe bottoms,Legendary,Item,,6,,
3rd age druidic robe top,Legendary,Item,,7,,
3rd age druidic staff,Legendary,Item,,8,,
3rd age felling axe,Legendary,Item,,9,,
3rd age full helmet,Legendary,Item,,10,,
3rd age kiteshield,Legendary,Item,,11,,
3rd age longsword,Legendary,Item,,12,,
3rd age mage hat,Legendary,Item,,13,,
3rd age pickaxe,Legendary,Item,,14,,
3rd age platebody,Legendary,Item,,15,,
3rd age platelegs,Legendary,Item,,16,,
3rd age plateskirt,Legendary,Item,,17,,
3rd age range coif,Legendary,Item,,18,,
3rd age range legs,Legendary,Item,,19,,
3rd age range top,Legendary,Item,,20,,
3rd age robe,Legendary,Item,,21,,
3rd age robe top,Legendary,Item,,22,,
3rd age vambraces,Legendary,Item,,23,,
3rd age wand,Legendary,Item,,24,,
A powdered wig,Common,Item,,25,,
Abyssal ashes,Rare,Item,,26,,
Abyssal bludgeon,Mythic,Item,,27,,
Abyssal bracelet,Rare,Item,,28,,
Abyssal dagger,Mythic,Item,,29,,
Abyssal whip,Mythic,Item,,30,,
Accursed sceptre,Legendary,Item,,31,,
Accursed sceptre (a),Legendary,Item,,32,,
Achey tree logs,Common,Item,,33,,
Acorn,Uncommon,Item,,34,,
Adamant 2h sword,Rare,Item,,35,,
Adamant arrow,Rare,Item,,36,,
Adamant arrow pack,Rare,Item,,37,,
Adamant arrowtips,Rare,Item,,38,,
Adamant axe,Rare,Item,,39,,
Adamant axe head,Rare,Item,,40,,
Adamant battleaxe,Rare,Item,,41,,
Adamant bolts,Rare,Item,,42,,
Adamant bolts(unf),Rare,Item,,43,,
Adamant boots,Rare,Item,,44,,
Adamant brutal,Rare,Item,,45,,
Adamant cane,Rare,Item,,46,,
Adamant cannonball,Rare,Item,,47,,
Adamant chainbody,Rare,Item,,48,,
Adamant claws,Rare,Item,,49,The Concealed King,TCK-1
Adamant crossbow,Rare,Item,,50,,
Adamant crossbow (u),Rare,Item,,51,,
Adamant dagger,Rare,Item,,52,,
Adamant dart,Rare,Item,,53,,
Adamant dart tip,Rare,Item,,54,,
Adamant dragon mask,Rare,Item,,55,,
Adamant felling axe,Rare,Item,,56,,
Adamant fire arrow,Rare,Item,,57,,
Adamant full helm,Rare,Item,,58,,
Adamant full helm (g),Rare,Item,,59,,
Adamant full helm (t),Rare,Item,,60,,
Adamant halberd,Rare,Item,,61,,
Adamant hasta,Rare,Item,,62,,
Adamant helm (h1),Rare,Item,,63,,
Adamant helm (h2),Rare,Item,,64,,
Adamant helm (h3),Rare,Item,,65,,
Adamant helm (h4),Rare,Item,,66,,
Adamant helm (h5),Rare,Item,,67,,
Adamant javelin,Rare,Item,,68,,
Adamant javelin tips,Rare,Item,,69,,
Adamant keel parts,Rare,Item,,70,,
Adamant kiteshield,Rare,Item,,71,,
Adamant kiteshield (g),Rare,Item,,72,,
Adamant kiteshield (t),Rare,Item,,73,,
Adamant knife,Rare,Item,,74,,
Adamant longsword,Rare,Item,,75,,
Adamant mace,Rare,Item,,76,,
Adamant med helm,Rare,Item,,77,,
Adamant pick head,Rare,Item,,78,,
Adamant pickaxe,Rare,Item,,79,,
Adamant platebody,Rare,Item,,80,,
Adamant platebody (g),Rare,Item,,81,,
Adamant platebody (h1),Rare,Item,,82,,
Adamant platebody (h2),Rare,Item,,83,,
Adamant platebody (h3),Rare,Item,,84,,
Adamant platebody (h4),Rare,Item,,85,,
Adamant platebody (h5),Rare,Item,,86,,
Adamant platebody (t),Rare,Item,,87,,
Adamant platelegs,Rare,Item,,88,Emir’s Dominion,
Adamant platelegs (g),Rare,Item,,89,,
Adamant platelegs (t),Rare,Item,,90,,
Adamant plateskirt,Rare,Item,,91,Emir’s Dominion,
Adamant plateskirt (g),Rare,Item,,92,,
Adamant plateskirt (t),Rare,Item,,93,,
Adamant scimitar,Rare,Item,,94,,
Adamant seeds,Rare,Item,,95,,
Adamant shield (h1),Rare,Item,,96,,
Adamant shield (h2),Rare,Item,,97,,
Adamant shield (h3),Rare,Item,,98,,
Adamant shield (h4),Rare,Item,,99,,
Adamant shield (h5),Rare,Item,,100,,
Adamant spear,Rare,Item,,101,,
Adamant sq shield,Rare,Item,,102,,
Adamant sword,Rare,Item,,103,,
Adamant thrownaxe,Rare,Item,,104,,
Adamant warhammer,Rare,Item,,105,,
Adamantite bar,Rare,Item,,106,,
Adamantite limbs,Rare,Item,,107,,
Adamantite nails,Rare,Item,,108,,
Adamantite ore,Rare,Item,,109,,
Admiral pie,Uncommon,Item,,110,,
Aether catalyst,Mythic,Item,,111,,
Aether rune,Mythic,Item,,112,,
Afro,Common,Item,,113,,
Agility mix,Uncommon,Item,,114,,
Agility potion,Uncommon,Item,,115,,
Ahrim's hood,Mythic,Item,,116,,
Ahrim's robeskirt,Mythic,Item,,117,,
Ahrim's robetop,Mythic,Item,,118,,
Ahrim's staff,Mythic,Item,,119,,
Air battlestaff,Common,Item,,120,,
Air orb,Common,Item,,121,,
Air rune,Common,Item,,122,Humble Beginnings,HB-1
Air rune pack,Common,Item,,123,,
Air talisman,Common,Item,,124,Humble Beginnings,HB-2
Air tiara,Common,Item,,125,,
Airtight pot,Common,Item,,126,,
Aldarium,Rare,Item,,127,,
Ale of the gods,Common,Item,,128,,
Ale yeast,Common,Item,,129,,
Ambrosia,Mythic,Item,,130,,
Amethyst,Mythic,Item,,131,,
Amethyst arrow,Mythic,Item,,132,,
Amethyst arrowtips,Mythic,Item,,133,,
Amethyst bolt tips,Mythic,Item,,134,,
Amethyst broad bolts,Mythic,Item,,135,,
Amethyst dart,Mythic,Item,,136,,
Amethyst dart tip,Mythic,Item,,137,,
Amethyst fire arrow,Mythic,Item,,138,,
Amethyst javelin,Mythic,Item,,139,,
Amethyst javelin tips,Mythic,Item,,140,,
Amulet mould,Common,Item,,141,Emir’s Dominion,
Amulet of accuracy,Common,Item,,142,Mages of the Shore,
Amulet of avarice,Mythic,Item,,143,,
Amulet of bounty,Common,Item,,144,,
Amulet of chemistry,Uncommon,Item,,145,,
Amulet of defence,Common,Item,,146,,
Amulet of defence (t),Common,Item,,147,,
Amulet of eternal glory,Legendary,Item,,148,,
Amulet of fury,Mythic,Item,,149,,
Amulet of glory,Rare,Item,,150,,
Amulet of glory (t),Rare,Item,,151,,
Amulet of magic,Common,Item,,152,,
Amulet of magic (t),Common,Item,,153,,
Amulet of power,Uncommon,Item,,154,,
Amulet of power (t),Uncommon,Item,,155,,
Amulet of rancour,Legendary,Item,,156,,
Amulet of strength,Common,Item,,157,,
Amulet of the damned,Rare,Item,,158,,
Amulet of torture,Legendary,Item,,159,,
Amylase crystal,Rare,Item,,160,,
Ancestral hat,Legendary,Item,,161,,
Ancestral robe bottom,Legendary,Item,,162,,
Ancestral robe top,Legendary,Item,,163,,
Anchovies,Common,Item,,164,,
Anchovy oil,Common,Item,,165,,
Anchovy paste,Common,Item,,166,,
Anchovy pizza,Rare,Item,,167,,
Ancient blessing,Uncommon,Item,,168,,
Ancient bracers,Mythic,Item,,169,,
Ancient brew,Mythic,Item,,170,,
Ancient ceremonial boots,Uncommon,Item,,171,,
Ancient ceremonial gloves,Uncommon,Item,,172,,
Ancient ceremonial legs,Uncommon,Item,,173,,
Ancient ceremonial mask,Uncommon,Item,,174,,
Ancient ceremonial top,Uncommon,Item,,175,,
Ancient chaps,Mythic,Item,,176,,
Ancient cloak,Uncommon,Item,,177,,
Ancient coif,Mythic,Item,,178,,
Ancient crozier,Rare,Item,,179,,
Ancient crystal,Rare,Item,,180,,
Ancient d'hide body,Mythic,Item,,181,,
Ancient d'hide boots,Mythic,Item,,182,,
Ancient d'hide shield,Mythic,Item,,183,,
Ancient effigy,Mythic,Item,,184,,
Ancient emblem,Rare,Item,,185,,
Ancient essence,Uncommon,Item,,186,,
Ancient full helm,Rare,Item,,187,,
Ancient godsword,Legendary,Item,,188,,
Ancient hilt,Legendary,Item,,189,,
Ancient kiteshield,Rare,Item,,190,,
Ancient mace,Uncommon,Item,,191,,
Ancient magicks tablet,Rare,Item,,192,,
Ancient medallion,Rare,Item,,193,,
Ancient mitre,Uncommon,Item,,194,,
Ancient mix,Mythic,Item,,195,,
Ancient page 1,Uncommon,Item,,196,,
Ancient page 2,Uncommon,Item,,197,,
Ancient page 3,Uncommon,Item,,198,,
Ancient page 4,Uncommon,Item,,199,,
Ancient platebody,Rare,Item,,200,,
Ancient platelegs,Rare,Item,,201,,
Ancient plateskirt,Rare,Item,,202,,
Ancient relic,Mythic,Item,,203,,
Ancient robe legs,Uncommon,Item,,204,,
Ancient robe top,Uncommon,Item,,205,,
Ancient staff,Rare,Item,,206,,
Ancient statuette,Rare,Item,,207,,
Ancient stole,Uncommon,Item,,208,,
Ancient totem,Rare,Item,,209,,
Ancient wyvern shield,Legendary,Item,,210,,
Angler's paint,Legendary,Item,,211,,
Anglerfish,Mythic,Item,,212,,
Anguish ornament kit,Common,Item,,213,,
Ankou gloves,Uncommon,Item,,214,,
Ankou mask,Uncommon,Item,,215,,
Ankou socks,Uncommon,Item,,216,,
Ankou top,Uncommon,Item,,217,,
Ankou's leggings,Uncommon,Item,,218,,
Annakarl teleport (tablet),Rare,Item,,219,,
Anti-dragon shield,Common,Item,,220,,
Anti-odour salt,Common,Item,,221,,
Anti-poison supermix,Uncommon,Item,,222,,
Anti-venom,Rare,Item,,223,,
Anti-venom+,Rare,Item,,224,,
Antidote+,Rare,Item,,225,,
Antidote+ mix,Rare,Item,,226,,
Antidote++,Rare,Item,,227,,
Antifire mix,Rare,Item,,228,,
Antifire potion,Rare,Item,,229,,
Antipoison,Common,Item,,230,,
Antipoison mix,Common,Item,,231,,
Antler guard,Rare,Item,,232,,
Ape atoll teleport (tablet),Rare,Item,,233,,
Apple mush,Common,Item,,234,,
Apple pie,Uncommon,Item,,235,,
Apple sapling,Uncommon,Item,,236,,
Apple tree seed,Uncommon,Item,,237,,
Apples,Common,Item,,238,,
Apprentice wand,Uncommon,Item,,239,,
Aquanite hopper,Mythic,Item,,240,,
Aquanite tendon,Uncommon,Item,,241,,
Aranea boots,Legendary,Item,,242,,
Araxyte venom sack,Rare,Item,,243,,
Arcane prayer scroll,Mythic,Item,,244,,
Arcane sigil,Legendary,Item,,245,,
Arcane spirit shield,Legendary,Item,,246,,
Arceuus banner,Common,Item,,247,,
Arceuus hood,Common,Item,,248,,
Arceuus library teleport (tablet),Uncommon,Item,,249,,
Arceuus scarf,Common,Item,,250,,
Archer helm,Rare,Item,,251,,
Archer icon,Rare,Item,,252,,
Archers ring,Mythic,Item,,253,,
Archery ticket,Common,Item,,254,,
Arctic pine logs,Uncommon,Item,,255,,
Arctic pine needles,Common,Item,,256,,
Arctic pyre logs,Uncommon,Item,,257,,
Ardougne teleport (tablet),Common,Item,,258,,
Arena book,Common,Item,,259,,
Armadyl bracers,Mythic,Item,,260,,
Armadyl brew,Rare,Item,,261,,
Armadyl chainskirt,Rare,Item,,262,,
Armadyl chaps,Mythic,Item,,263,,
Armadyl chestplate,Rare,Item,,264,,
Armadyl cloak,Uncommon,Item,,265,,
Armadyl coif,Rare,Item,,266,,
Armadyl crossbow,Legendary,Item,,267,,
Armadyl crozier,Uncommon,Item,,268,,
Armadyl d'hide body,Mythic,Item,,269,,
Armadyl d'hide boots,Mythic,Item,,270,,
Armadyl d'hide shield,Mythic,Item,,271,,
Armadyl full helm,Rare,Item,,272,,
Armadyl godsword,Legendary,Item,,273,,
Armadyl godsword ornament kit,Common,Item,,274,,
Armadyl helmet,Rare,Item,,275,,
Armadyl hilt,Legendary,Item,,276,,
Armadyl kiteshield,Rare,Item,,277,,
Armadyl mitre,Uncommon,Item,,278,,
Armadyl page 1,Uncommon,Item,,279,,
Armadyl page 2,Uncommon,Item,,280,,
Armadyl page 3,Uncommon,Item,,281,,
Armadyl page 4,Uncommon,Item,,282,,
Armadyl platebody,Rare,Item,,283,,
Armadyl platelegs,Rare,Item,,284,,
Armadyl plateskirt,Rare,Item,,285,,
Armadyl robe legs,Rare,Item,,286,,
Armadyl robe top,Rare,Item,,287,,
Armadyl stole,Uncommon,Item,,288,,
Armadylean plate,Legendary,Item,,289,,
Arrow shaft,Common,Item,,290,,
Asgarnian ale,Common,Item,,291,,
Asgarnian ale (flatpack),Common,Item,,292,,
Asgarnian ale (keg),Common,Item,,293,,
Asgarnian ale (Player-owned house),Common,Item,,294,,
Asgarnian ale(m),Common,Item,,295,,
Asgarnian ale(m) (keg),Common,Item,,296,,
Asgarnian hops,Common,Item,,297,Humble Beginnings,
Asgarnian seed,Common,Item,,298,Mages of the Shore,
Ashes,Common,Item,,299,Humble Beginnings,
Assorted flowers,Common,Item,,300,,
Astral rune,Rare,Item,,301,,
Astronomy book,Common,Item,,302,,
Atlatl dart,Rare,Item,,303,,
Atlatl dart shaft,Common,Item,,304,,
Atlatl dart tips,Common,Item,,305,,
Attack mix,Common,Item,,306,,
Attack potion,Common,Item,,307,,
Avantoe,Mythic,Item,,308,Knights of Saradomin,
Avantoe potion (unf),Uncommon,Item,,309,,
Avantoe seed,Mythic,Item,,310,,
Avernic defender hilt,Legendary,Item,,311,,
Avernic treads,Legendary,Item,,312,,
Awakener's orb,Rare,Item,,313,,
Axeman's folly,Common,Item,,314,,
Axeman's folly (keg),Common,Item,,315,,
Axeman's folly(m),Common,Item,,316,,
Axeman's folly(m) (keg),Common,Item,,317,,
Baby impling jar,Common,Item,,318,,
Babydragon bones,Uncommon,Item,,319,,
Bag of salt,Common,Item,,320,Mages of the Shore,
Bagged bluebells,Common,Item,,321,,
Bagged daffodils,Common,Item,,322,,
Bagged dead tree,Common,Item,,323,,
Bagged flower,Common,Item,,324,,
Bagged magic tree,Common,Item,,325,,
Bagged maple tree,Common,Item,,326,,
Bagged marigolds,Common,Item,,327,,
Bagged nice tree,Common,Item,,328,,
Bagged oak tree,Common,Item,,329,,
Bagged plant 1,Common,Item,,330,,
Bagged plant 2,Common,Item,,331,,
Bagged plant 3,Common,Item,,332,,
Bagged roses,Common,Item,,333,,
Bagged sunflower,Common,Item,,334,,
Bagged willow tree,Common,Item,,335,,
Bagged yew tree,Common,Item,,336,,
Bailing bucket,Common,Item,,337,,
Bait pack,Common,Item,,338,,
Baked potato,Common,Item,,339,Humble Beginnings,
Bale of flax,Common,Item,,340,,
Ball of wool,Common,Item,,341,Humble Beginnings,
Ballista limbs,Uncommon,Item,,342,,
Ballista spring,Uncommon,Item,,343,,
Banana,Common,Item,,344,,
Banana sapling,Common,Item,,345,,
Banana stew,Uncommon,Item,,346,,
Banana tree seed,Common,Item,,347,,
Bananas,Common,Item,,348,,
Bandana eyepatch (blue),Common,Item,,349,,
Bandana eyepatch (brown),Common,Item,,350,,
Bandana eyepatch (red),Common,Item,,351,,
Bandana eyepatch (white),Common,Item,,352,,
Bandit's brew,Common,Item,,353,,
Bandos boots,Mythic,Item,,354,,
Bandos bracers,Mythic,Item,,355,,
Bandos chaps,Mythic,Item,,356,,
Bandos chestplate,Legendary,Item,,357,,
Bandos cloak,Uncommon,Item,,358,,
Bandos coif,Mythic,Item,,359,,
Bandos crozier,Uncommon,Item,,360,,
Bandos d'hide body,Mythic,Item,,361,,
Bandos d'hide boots,Mythic,Item,,362,,
Bandos d'hide shield,Mythic,Item,,363,,
Bandos full helm,Rare,Item,,364,,
Bandos godsword,Legendary,Item,,365,,
Bandos godsword ornament kit,Common,Item,,366,,
Bandos hilt,Legendary,Item,,367,,
Bandos kiteshield,Rare,Item,,368,,
Bandos mitre,Uncommon,Item,,369,,
Bandos page 1,Uncommon,Item,,370,,
Bandos page 2,Uncommon,Item,,371,,
Bandos page 3,Uncommon,Item,,372,,
Bandos page 4,Uncommon,Item,,373,,
Bandos platebody,Rare,Item,,374,,
Bandos platelegs,Rare,Item,,375,,
Bandos plateskirt,Rare,Item,,376,,
Bandos robe legs,Uncommon,Item,,377,,
Bandos robe top,Uncommon,Item,,378,,
Bandos stole,Uncommon,Item,,379,,
Bandos tassets,Legendary,Item,,380,,
Bandosian components,Mythic,Item,,381,,
Barb bolttips,Uncommon,Item,,382,,
Barb-tail harpoon,Uncommon,Item,,383,,
Barbarian teleport (tablet),Uncommon,Item,,384,,
Barbed bolts,Uncommon,Item,,385,,
Bark,Common,Item,,386,,
Barley,Common,Item,,387,,
Barley malt,Common,Item,,388,,
Barley seed,Common,Item,,389,Mages of the Shore,
Barnacle blaster,Common,Item,,390,,
Barracuda paint,Common,Item,,391,,
Barrel,Common,Item,,392,,
Barrel of demonic tallow,Rare,Item,,393,,
Barrows teleport (tablet),Rare,Item,,394,,
Basalt,Uncommon,Item,,395,,
Basic repair kit,Common,Item,,396,,
Basilisk jaw,Mythic,Item,,397,,
Basket,Common,Item,,398,,
Basket pack,Common,Item,,399,,
Bass,Uncommon,Item,,400,,
Bastion potion,Rare,Item,,401,,
Bat bones,Common,Item,,402,Humble Beginnings,
Batta tin,Common,Item,,403,,
Battlefront teleport (tablet),Common,Item,,404,,
Battlemage potion,Rare,Item,,405,,
Battlestaff,Common,Item,,406,,
Beanie,Common,Item,,407,,
Bear feet,Common,Item,,408,,
Bear fur,Common,Item,,409,,
Beer,Common,Item,,410,Humble Beginnings,
Beer (Player-owned house),Common,Item,,411,,
Beer barrel (flatpack),Common,Item,,412,,
Beer glass,Common,Item,,413,Humble Beginnings,
Beer glass (Player-owned house),Common,Item,,414,,
Beer tankard,Common,Item,,415,,
Beginner wand,Uncommon,Item,,416,,
Belladonna seed,Rare,Item,,417,,
Bellator ring,Legendary,Item,,418,,
Belle's folly,Mythic,Item,,419,,
Belle's folly (tarnished),Uncommon,Item,,420,,
Berserker helm,Rare,Item,,421,,
Berserker icon,Rare,Item,,422,,
Berserker necklace,Mythic,Item,,423,,
Berserker necklace ornament kit,Common,Item,,424,,
Berserker ring,Rare,Item,,425,,
Big bones,Common,Item,,426,,
Big fishing net,Common,Item,,427,,
Big pearl,Common,Item,,428,,
Big pirate hat,Common,Item,,429,,
Binding necklace,Uncommon,Item,,430,,
Bird house (item),Common,Item,,431,,
Bird nest (empty),Uncommon,Item,,432,,
Bird snare,Common,Item,,433,,
Bird snare pack,Common,Item,,434,,
Black 2h sword,Uncommon,Item,,435,,
Black axe,Uncommon,Item,,436,,
Black battleaxe,Uncommon,Item,,437,,
Black bead,Common,Item,,438,Mages of the Shore,
Black beret,Common,Item,,439,,
Black boater,Common,Item,,440,,
Black boots,Uncommon,Item,,441,,
Black brutal,Uncommon,Item,,442,,
Black cane,Uncommon,Item,,443,,
Black cape,Common,Item,,444,Mages of the Shore,
Black cavalier,Common,Item,,445,,
Black chainbody,Uncommon,Item,,446,,
Black chinchompa,Mythic,Item,,447,,
Black claws,Uncommon,Item,,448,The Concealed King,
Black d'hide body,Mythic,Item,,449,,
Black d'hide body (g),Mythic,Item,,450,,
Black d'hide body (t),Mythic,Item,,451,,
Black d'hide chaps,Mythic,Item,,452,,
Black d'hide chaps (g),Mythic,Item,,453,,
Black d'hide chaps (t),Mythic,Item,,454,,
Black d'hide shield,Mythic,Item,,455,,
Black d'hide vambraces,Mythic,Item,,456,,
Black dagger,Uncommon,Item,,457,,
Black dart,Uncommon,Item,,458,,
Black demon mask,Common,Item,,459,,
Black desert robe,Common,Item,,460,,
Black desert shirt,Common,Item,,461,,
Black dragon leather,Rare,Item,,462,,
Black dragon mask,Common,Item,,463,,
Black dragonhide,Rare,Item,,464,,
Black elegant legs,Common,Item,,465,,
Black elegant shirt,Common,Item,,466,,
Black felling axe,Uncommon,Item,,467,,
Black flowers,Common,Item,,468,,
Black full helm,Uncommon,Item,,469,,
Black full helm (g),Uncommon,Item,,470,,
Black full helm (t),Uncommon,Item,,471,,
Black halberd,Uncommon,Item,,472,,
Black headband,Uncommon,Item,,473,,
Black helm (h1),Uncommon,Item,,474,,
Black helm (h2),Uncommon,Item,,475,,
Black helm (h3),Uncommon,Item,,476,,
Black helm (h4),Uncommon,Item,,477,,
Black helm (h5),Uncommon,Item,,478,,
Black kiteshield,Uncommon,Item,,479,,
Black kiteshield (g),Uncommon,Item,,480,,
Black kiteshield (t),Uncommon,Item,,481,,
Black knife,Uncommon,Item,,482,,
Black leprechaun hat,Common,Item,,483,,
Black locks,Uncommon,Item,,484,,
Black longsword,Uncommon,Item,,485,,
Black mace,Uncommon,Item,,486,,
Black mask,Mythic,Item,,487,,
Black med helm,Uncommon,Item,,488,,
Black nails,Uncommon,Item,,489,,
Black pickaxe,Uncommon,Item,,490,,
Black platebody,Uncommon,Item,,491,,
Black platebody (g),Uncommon,Item,,492,,
Black platebody (h1),Uncommon,Item,,493,,
Black platebody (h2),Uncommon,Item,,494,,
Black platebody (h3),Uncommon,Item,,495,,
Black platebody (h4),Uncommon,Item,,496,,
Black platebody (h5),Uncommon,Item,,497,,
Black platebody (t),Uncommon,Item,,498,,
Black platelegs,Uncommon,Item,,499,Emir’s Dominion,
Black platelegs (g),Uncommon,Item,,500,,
Black platelegs (t),Uncommon,Item,,501,,
Black plateskirt,Uncommon,Item,,502,Emir’s Dominion,
Black plateskirt (g),Uncommon,Item,,503,,
Black plateskirt (t),Uncommon,Item,,504,,
Black robe,Common,Item,,505,Mages of the Shore,MoS-1
Black salamander,Rare,Item,,506,,
Black satchel,Common,Item,,507,,
Black scimitar,Uncommon,Item,,508,,
Black shield (h1),Uncommon,Item,,509,,
Black shield (h2),Uncommon,Item,,510,,
Black shield (h3),Uncommon,Item,,511,,
Black shield (h4),Uncommon,Item,,512,,
Black shield (h5),Uncommon,Item,,513,,
Black skirt,Uncommon,Item,,514,,
Black skirt (g),Uncommon,Item,,515,,
Black skirt (t),Uncommon,Item,,516,,
Black spear,Uncommon,Item,,517,,
Black spiky vambraces,Mythic,Item,,518,,
Black sq shield,Uncommon,Item,,519,,
Black sword,Uncommon,Item,,520,,
Black tourmaline core,Rare,Item,,521,,
Black toy horsey,Common,Item,,522,,
Black unicorn mask,Common,Item,,523,,
Black warhammer,Uncommon,Item,,524,,
Black warlock (item),Rare,Item,,525,,
Black warlock mix,Rare,Item,,526,,
Black wizard hat (g),Common,Item,,527,,
Black wizard hat (t),Common,Item,,528,,
Black wizard robe (g),Common,Item,,529,,
Black wizard robe (t),Common,Item,,530,,
Blackbird red,Common,Item,,531,,
Blacksmith's helm,Common,Item,,532,,
Blade of saeldor,Legendary,Item,,533,,
Blamish bark shell,Common,Item,,534,,
Blamish blue shell (pointed),Common,Item,,535,,
Blamish blue shell (round),Common,Item,,536,,
Blamish myre shell (pointed),Common,Item,,537,,
Blamish myre shell (round),Common,Item,,538,,
Blamish ochre shell (pointed),Common,Item,,539,,
Blamish ochre shell (round),Common,Item,,540,,
Blamish red shell (pointed),Common,Item,,541,,
Blamish red shell (round),Common,Item,,542,,
Blessed spirit shield,Mythic,Item,,543,,
Blighted ancient ice sack,Uncommon,Item,,544,,
Blighted anglerfish,Uncommon,Item,,545,,
Blighted bind sack,Uncommon,Item,,546,,
Blighted entangle sack,Uncommon,Item,,547,,
Blighted karambwan,Uncommon,Item,,548,,
Blighted manta ray,Uncommon,Item,,549,,
Blighted overload,Uncommon,Item,,550,,
Blighted snare sack,Uncommon,Item,,551,,
Blighted super restore,Uncommon,Item,,552,,
Blighted teleport spell sack,Uncommon,Item,,553,,
Blighted vengeance sack,Uncommon,Item,,554,,
Blood essence,Rare,Item,,555,,
Blood moon armour set,Mythic,Item,,556,,
Blood moon chestplate,Mythic,Item,,557,,
Blood moon helm,Mythic,Item,,558,,
Blood moon tassets,Mythic,Item,,559,,
Blood pint,Common,Item,,560,,
Blood rune,Rare,Item,,561,,
Blood shard,Mythic,Item,,562,,
Blood talisman,Uncommon,Item,,563,,
Blood tiara,Uncommon,Item,,564,,
Blood'n'tar snelm,Common,Item,,565,,
Bloodbark armour set,Rare,Item,,566,,
Bloodbark body,Rare,Item,,567,,
Bloodbark boots,Rare,Item,,568,,
Bloodbark gauntlets,Rare,Item,,569,,
Bloodbark helm,Rare,Item,,570,,
Bloodbark legs,Rare,Item,,571,,
Bloody bracer,Common,Item,,572,,
Blue beret,Common,Item,,573,,
Blue boater,Common,Item,,574,,
Blue boots,Common,Item,,575,,
Blue cape,Common,Item,,576,,
Blue crab,Common,Item,,577,,
Blue crab meat,Uncommon,Item,,578,,
Blue d'hide body,Rare,Item,,579,,
Blue d'hide body (g),Rare,Item,,580,,
Blue d'hide body (t),Rare,Item,,581,,
Blue d'hide chaps,Rare,Item,,582,,
Blue d'hide chaps (g),Rare,Item,,583,,
Blue d'hide chaps (t),Rare,Item,,584,,
Blue d'hide shield,Rare,Item,,585,,
Blue d'hide vambraces,Rare,Item,,586,,
Blue dark bow paint,Common,Item,,587,,
Blue dragon leather,Rare,Item,,588,,
Blue dragon mask,Common,Item,,589,,
Blue dragon scale,Rare,Item,,590,,
Blue dragonhide,Rare,Item,,591,,
Blue dragonhide set,Rare,Item,,592,,
Blue dye,Common,Item,,593,Mages of the Shore,
Blue elegant blouse,Common,Item,,594,,
Blue elegant legs,Common,Item,,595,,
Blue elegant shirt,Common,Item,,596,,
Blue elegant skirt,Common,Item,,597,,
Blue feather,Common,Item,,598,,
Blue firelighter,Common,Item,,599,,
Blue flowers,Common,Item,,600,,
Blue halloween mask,Common,Item,,601,,
Blue hat,Common,Item,,602,,
Blue headband,Common,Item,,603,,
Blue moon armour set,Mythic,Item,,604,,
Blue moon chestplate,Mythic,Item,,605,,
Blue moon helm,Mythic,Item,,606,,
Blue moon spear,Mythic,Item,,607,,
Blue moon tassets,Mythic,Item,,608,,
Blue partyhat,Common,Item,,609,,
Blue robe bottoms,Common,Item,,610,,
Blue robe top,Common,Item,,611,,
Blue skirt,Common,Item,,612,,
Blue skirt (g),Common,Item,,613,,
Blue skirt (t),Common,Item,,614,,
Blue spiky vambraces,Rare,Item,,615,,
Blue wizard hat,Common,Item,,616,Mages of the Shore,
Blue wizard hat (g),Common,Item,,617,,
Blue wizard hat (t),Common,Item,,618,,
Blue wizard robe,Common,Item,,619,,
Blue wizard robe (g),Common,Item,,620,,
Blue wizard robe (t),Common,Item,,621,,
Bluefin,Rare,Item,,622,,
Bluegill,Common,Item,,623,,
Blurberry special,Common,Item,,624,,
Boat bottle,Uncommon,Item,,625,,
Bob's black shirt,Common,Item,,626,,
Bob's blue shirt,Common,Item,,627,,
Bob's green shirt,Common,Item,,628,,
Bob's purple shirt,Common,Item,,629,,
Bob's red shirt,Common,Item,,630,,
Body rune,Common,Item,,631,Humble Beginnings,
Body talisman,Common,Item,,632,,
Body tiara,Common,Item,,633,,
Bolt mould,Common,Item,,634,Emir’s Dominion,
Bolt of canvas,Uncommon,Item,,635,,
Bolt of cloth,Common,Item,,636,Jewel of Misthalin,
Bolt of cotton,Uncommon,Item,,637,,
Bolt of linen,Uncommon,Item,,638,,
Bolt rack,Uncommon,Item,,639,,
Bone bolt pack,Common,Item,,640,,
Bone bolts,Common,Item,,641,,
Bone club,Common,Item,,642,,
Bone dagger,Common,Item,,643,,
Bone fragments,Common,Item,,644,,
Bone spear,Common,Item,,645,,
Bones,Common,Item,,646,Humble Beginnings,
Bones to bananas (tablet),Common,Item,,647,,
Bones to peaches (tablet),Uncommon,Item,,648,,
Book of balance page set,Uncommon,Item,,649,,
Book of darkness page set,Uncommon,Item,,650,,
Book of law page set,Uncommon,Item,,651,,
Book of war page set,Uncommon,Item,,652,,
Bookcase (flatpack),Common,Item,,653,,
Boots of brimstone,Rare,Item,,654,,
Boots of darkness,Common,Item,,655,,
Boots of stone,Common,Item,,656,,
Botanical pie,Rare,Item,,657,,
Bottle of wine,Common,Item,,658,Mages of the Shore,
Bottled dragonbreath,Rare,Item,,659,,
Bottled storm,Rare,Item,,660,,
Bottomless compost bucket,Rare,Item,,661,,
Bow of faerdhinen,Legendary,Item,,662,,
Bow string,Common,Item,,663,,
Bowl,Common,Item,,664,Humble Beginnings,
Bowl of hot water,Common,Item,,665,,
Bowl of water,Common,Item,,666,,
Bowl wig,Common,Item,,667,,
Box trap,Common,Item,,668,,
Box trap pack,Common,Item,,669,,
Bracelet mould,Common,Item,,670,Emir’s Dominion,
Bracelet of clay,Common,Item,,671,,
Bracelet of ethereum,Rare,Item,,672,,
Bracelet of slaughter,Uncommon,Item,,673,,
Brandy,Common,Item,,674,,
Brass key,Common,Item,,675,,
Brass necklace,Common,Item,,676,,
Bread,Common,Item,,677,Humble Beginnings,
Bread dough,Common,Item,,678,Humble Beginnings,
Briefcase,Common,Item,,679,,
Bright pearl,Common,Item,,680,,
Brilliant pearl,Rare,Item,,681,,
Brimstone ring,Mythic,Item,,682,,
Brine sabre,Rare,Item,,683,,
Broad arrowhead pack,Uncommon,Item,,684,The Concealed King,
Broad arrowheads,Uncommon,Item,,685,The Concealed King,
Broad bolts,Uncommon,Item,,686,The Concealed King,
Broken antler,Uncommon,Item,,687,,
Broken bark snelm,Common,Item,,688,,
Broken dragon hasta,Rare,Item,,689,,
Broken dragon hook,Mythic,Item,,690,,
Broken zombie axe,Rare,Item,,691,,
Broken zombie helmet,Rare,Item,,692,,
Bronze 2h sword,Common,Item,,693,,
Bronze arrow,Common,Item,,694,Humble Beginnings,
Bronze arrowtips,Common,Item,,695,Humble Beginnings,
Bronze axe,Common,Item,,696,Humble Beginnings,
Bronze bar,Common,Item,,697,Humble Beginnings,
Bronze battleaxe,Common,Item,,698,Humble Beginnings,
Bronze bolts,Common,Item,,699,Humble Beginnings,
Bronze bolts (unf),Common,Item,,700,Humble Beginnings,
Bronze boots,Common,Item,,701,Humble Beginnings,
Bronze brutal,Common,Item,,702,,
Bronze cannonball,Common,Item,,703,,
Bronze chainbody,Common,Item,,704,Humble Beginnings,
Bronze claws,Common,Item,,705,The Concealed King,
Bronze crossbow,Common,Item,,706,,
Bronze crossbow (u),Common,Item,,707,,
Bronze dagger,Common,Item,,708,Humble Beginnings,
Bronze dart,Common,Item,,709,,
Bronze dart tip,Common,Item,,710,,
Bronze dragon mask,Common,Item,,711,,
Bronze felling axe,Common,Item,,712,,
Bronze fire arrow,Common,Item,,713,,
Bronze full helm,Common,Item,,714,Humble Beginnings,
Bronze full helm (g),Common,Item,,715,,
Bronze full helm (t),Common,Item,,716,,
Bronze gold-trimmed set (lg),Common,Item,,717,,
Bronze gold-trimmed set (sk),Common,Item,,718,,
Bronze halberd,Common,Item,,719,,
Bronze hasta,Common,Item,,720,,
Bronze javelin,Common,Item,,721,,
Bronze javelin tips,Common,Item,,722,,
Bronze keel parts,Common,Item,,723,,
Bronze kiteshield,Common,Item,,724,Humble Beginnings,
Bronze kiteshield (g),Common,Item,,725,,
Bronze kiteshield (t),Common,Item,,726,,
Bronze knife,Common,Item,,727,,
Bronze limbs,Common,Item,,728,,
Bronze locks,Common,Item,,729,,
Bronze longsword,Common,Item,,730,Humble Beginnings,
Bronze mace,Common,Item,,731,Humble Beginnings,
Bronze med helm,Common,Item,,732,Humble Beginnings,
Bronze nails,Common,Item,,733,Jewel of Misthalin,
Bronze pickaxe,Common,Item,,734,Humble Beginnings,
Bronze platebody,Common,Item,,735,Humble Beginnings,
Bronze platebody (g),Common,Item,,736,,
Bronze platebody (t),Common,Item,,737,,
Bronze platelegs,Common,Item,,738,Humble Beginnings,
Bronze platelegs (g),Common,Item,,739,,
Bronze platelegs (t),Common,Item,,740,,
Bronze plateskirt,Common,Item,,741,Humble Beginnings,
Bronze plateskirt (g),Common,Item,,742,,
Bronze plateskirt (t),Common,Item,,743,,
Bronze scimitar,Common,Item,,744,Humble Beginnings,
Bronze set (lg),Common,Item,,745,,
Bronze set (sk),Common,Item,,746,,
Bronze spear,Common,Item,,747,Humble Beginnings,
Bronze sq shield,Common,Item,,748,Humble Beginnings,
Bronze sword,Common,Item,,749,Humble Beginnings,
Bronze thrownaxe,Common,Item,,750,,
Bronze trimmed set (lg),Common,Item,,751,,
Bronze trimmed set (sk),Common,Item,,752,,
Bronze warhammer,Common,Item,,753,Humble Beginnings,
Bronze wire,Common,Item,,754,,
Broodoo shield (combat),Uncommon,Item,,755,,
Broodoo shield (disease),Uncommon,Item,,756,,
Broodoo shield (poison),Uncommon,Item,,757,,
Brown apron,Common,Item,,758,,
Brown headband,Common,Item,,759,,
Brown toy horsey,Common,Item,,760,,
Bruise blue snelm,Common,Item,,761,,
Bruised banana,Common,Item,,762,,
Bryophyta's essence,Rare,Item,,763,,
Bryophyta's staff,Mythic,Item,,764,,
Bucket,Common,Item,,765,Humble Beginnings,
Bucket helm,Common,Item,,766,,
Bucket helm (g),Common,Item,,767,,
Bucket of milk,Common,Item,,768,Humble Beginnings,
Bucket of rubble,Common,Item,,769,,
Bucket of sand,Common,Item,,770,,
Bucket of sap,Common,Item,,771,,
Bucket of water,Common,Item,,772,Humble Beginnings,
Bucket of wax,Common,Item,,773,,
Bug lantern,Common,Item,,774,Mages of the Shore,
Bullseye lantern,Common,Item,,775,,
Bullseye lantern (empty),Common,Item,,776,,
Bullseye lantern (unf),Common,Item,,777,,
Burning amulet,Uncommon,Item,,778,,
Burning claw,Rare,Item,,779,,
Burning claws,Mythic,Item,,780,,
Butterfly jar,Common,Item,,781,,
Butterfly net,Common,Item,,782,,
Cabbage,Common,Item,,783,Humble Beginnings,
Cabbage round shield,Common,Item,,784,,
Cabbage seed,Common,Item,,785,Humble Beginnings,
Cabbages,Common,Item,,786,,
Cactus seed,Rare,Item,,787,,
Cactus spine,Rare,Item,,788,,
Cadantine,Mythic,Item,,789,,
Cadantine blood potion (unf),Rare,Item,,790,,
Cadantine potion (unf),Rare,Item,,791,,
Cadantine seed,Rare,Item,,792,,
Cadarn lineage,Common,Item,,793,,
Cadava berries,Common,Item,,794,Jewel of Misthalin,
Cadavaberry seed,Common,Item,,795,,
Cake,Common,Item,,796,,
Cake tin,Common,Item,,797,Humble Beginnings,
Calcified moth,Uncommon,Item,,798,,
Calcite,Common,Item,,799,,
Calquat fruit,Uncommon,Item,,800,,
Calquat keg,Uncommon,Item,,801,,
Calquat sapling,Rare,Item,,802,,
Calquat tree seed,Rare,Item,,803,,
Camelot teleport (tablet),Uncommon,Item,,804,,
Camphor blowpipe,Rare,Item,,805,,
Camphor crate,Rare,Item,,806,,
Camphor hull parts,Rare,Item,,807,,
Camphor logs,Rare,Item,,808,,
Camphor plank,Rare,Item,,809,,
Camphor pyre logs,Rare,Item,,810,,
Camphor repair kit,Rare,Item,,811,,
Camphor sapling,Rare,Item,,812,,
Camphor seed,Rare,Item,,813,,
Candle,Common,Item,,814,,
Candle lantern,Common,Item,,815,,
Cannon barrels,Rare,Item,,816,,
Cannon base,Rare,Item,,817,,
Cannon furnace,Rare,Item,,818,,
Cannon stand,Rare,Item,,819,,
Cape of skulls,Rare,Item,,820,,
Carrallanger teleport (tablet),Uncommon,Item,,821,,
Carved oak bench (flatpack),Common,Item,,822,,
Carved oak magic wardrobe (flatpack),Common,Item,,823,,
Carved oak table (flatpack),Common,Item,,824,,
Carved teak bench (flatpack),Uncommon,Item,,825,,
Carved teak magic wardrobe (flatpack),Uncommon,Item,,826,,
Carved teak table (flatpack),Uncommon,Item,,827,,
Casket,Common,Item,,828,,
Castle wars bracelet,Common,Item,,829,,
Cat mask,Common,Item,,830,,
Cat training medal,Common,Item,,831,,
Catalytic talisman,Rare,Item,,832,,
Catalytic tiara,Rare,Item,,833,,
Catherby teleport (tablet),Common,Item,,834,,
Cavalier mask,Common,Item,,835,,
Cave eel,Uncommon,Item,,836,,
Cave goblin wire,Common,Item,,837,,
Caviar,Common,Item,,838,,
Celastrus bark,Rare,Item,,839,,
Celastrus sapling,Rare,Item,,840,,
Celastrus seed,Rare,Item,,841,,
Cemetery teleport (tablet),Uncommon,Item,,842,,
Chain,Uncommon,Item,,843,,
Chaos rune,Uncommon,Item,,844,Humble Beginnings,
Chaos rune pack,Uncommon,Item,,845,,
Chaos talisman,Uncommon,Item,,846,,
Chaos tiara,Uncommon,Item,,847,,
Chaotic handegg,Common,Item,,848,,
Charcoal,Common,Item,,849,,
Charge dragonstone jewellery scroll,Uncommon,Item,,850,,
Chasm teleport scroll,Rare,Item,,851,,
Cheese,Common,Item,,852,Mages of the Shore,
Cheese+tom batta,Common,Item,,853,,
Chef's delight,Common,Item,,854,,
Chef's delight (flatpack),Common,Item,,855,,
Chef's delight (keg),Common,Item,,856,,
Chef's delight (Player-owned house),Common,Item,,857,,
Chef's delight(m),Common,Item,,858,,
Chef's delight(m) (keg),Common,Item,,859,,
Chef's hat,Common,Item,,860,Mages of the Shore,
Chichilihui rosé,Common,Item,,861,,
Chilhuac red,Common,Item,,862,,
Chilli con carne,Common,Item,,863,,
Chilli potato,Common,Item,,864,,
Chinchompa,Uncommon,Item,,865,,
Chisel,Common,Item,,866,Humble Beginnings,
Choc saturday,Common,Item,,867,,
Choc-ice,Common,Item,,868,,
Chocchip crunchies,Common,Item,,869,,
Chocolate bar,Common,Item,,870,,
Chocolate bomb,Common,Item,,871,,
Chocolate cake,Common,Item,,872,,
Chocolate dust,Common,Item,,873,,
Chopped garlic,Common,Item,,874,Mages of the Shore,
Chopped onion,Common,Item,,875,,
Chopped tomato,Common,Item,,876,Humble Beginnings,
Chopped tuna,Common,Item,,877,,
Chopped ugthanki,Common,Item,,878,,
Christmas cracker,Common,Item,,879,,
Chromium ingot,Rare,Item,,880,,
Chugging barrel,Common,Item,,881,,
Cider,Common,Item,,882,,
Cider (keg),Common,Item,,883,,
Cider (Player-owned house),Common,Item,,884,,
Cider barrel (flatpack),Common,Item,,885,,
Cider(m) (keg),Common,Item,,886,,
Circular hide,Uncommon,Item,,887,,
Citizen shoes,Common,Item,,888,,
Citizen top,Common,Item,,889,,
Citizen trousers,Common,Item,,890,,
Civitas illa fortis teleport (tablet),Uncommon,Item,,891,,
Claws of callisto,Rare,Item,,892,,
Clay,Common,Item,,893,Jewel of Misthalin,
Cleaning cloth,Common,Item,,894,,
Cleaver,Rare,Item,,895,,
Climbing boots,Common,Item,,896,,
Climbing boots (g),Common,Item,,897,,
Climbing rope,Common,Item,,898,,
Clockwork,Common,Item,,899,,
Clothes pouch,Rare,Item,,900,,
Clothes pouch blueprint,Uncommon,Item,,901,,
Clue box,Rare,Item,,902,,
Coal,Uncommon,Item,,903,Humble Beginnings,
Cocktail glass,Common,Item,,904,,
Cocktail guide,Common,Item,,905,,
Cocktail shaker,Common,Item,,906,,
Coconut,Common,Item,,907,,
Coconut milk,Common,Item,,908,,
Coconut shell,Common,Item,,909,,
Cod,Common,Item,,910,,
Coif,Common,Item,,911,,
Colossal wyrm teleport scroll,Uncommon,Item,,912,,
Combat bracelet,Rare,Item,,913,,
Combat mix,Uncommon,Item,,914,,
Combat potion,Uncommon,Item,,915,,
Combat potion set,Uncommon,Item,,916,,
Common kebbit fur,Common,Item,,917,,
Common tench,Uncommon,Item,,918,,
Comp ogre bow,Uncommon,Item,,919,,
Compost,Common,Item,,920,,
Compost pack,Common,Item,,921,,
Compost potion,Common,Item,,922,,
Condensed gold,Legendary,Item,,923,,
Confliction gauntlets,Legendary,Item,,924,,
Contract of bloodied blows,Rare,Item,,925,,
Contract of catalyst acquisition,Rare,Item,,926,,
Contract of divine severance,Rare,Item,,927,,
Contract of familiar acquisition,Rare,Item,,928,,
Contract of forfeit breath,Rare,Item,,929,,
Contract of glyphic attenuation,Rare,Item,,930,,
Contract of harmony acquisition,Mythic,Item,,931,,
Contract of oathplate acquisition,Legendary,Item,,932,,
Contract of sensory clouding,Rare,Item,,933,,
Contract of shard acquisition,Mythic,Item,,934,,
Contract of worm acquisition,Rare,Item,,935,,
Cooked barb-tailed kebbit,Rare,Item,,936,,
Cooked chicken,Common,Item,,937,Humble Beginnings,
Cooked chicken (undead),Common,Item,,938,,
Cooked chompy,Common,Item,,939,,
Cooked dashing kebbit,Rare,Item,,940,,
Cooked giant crab meat,Rare,Item,,941,,
Cooked graahk,Uncommon,Item,,942,,
Cooked jubbly,Uncommon,Item,,943,,
Cooked karambwan,Rare,Item,,944,,
Cooked kyatt,Uncommon,Item,,945,,
Cooked larupia,Uncommon,Item,,946,,
Cooked meat,Common,Item,,947,Humble Beginnings,
Cooked meat (undead),Common,Item,,948,,
Cooked moonlight antelope,Mythic,Item,,949,,
Cooked mystery meat,Common,Item,,950,,
Cooked oomlie wrap,Uncommon,Item,,951,,
Cooked pyre fox,Uncommon,Item,,952,,
Cooked rabbit,Common,Item,,953,,
Cooked slimy eel,Common,Item,,954,,
Cooked sunlight antelope,Uncommon,Item,,955,,
Cooked sweetcorn,Common,Item,,956,,
Cooked wild kebbit,Common,Item,,957,,
Cooking apple,Common,Item,,958,,
Copper ore,Common,Item,,959,Humble Beginnings,
Cornflour,Common,Item,,960,,
Cosmic rune,Uncommon,Item,,961,Mages of the Shore,
Cosmic talisman,Uncommon,Item,,962,,
Cosmic tiara,Uncommon,Item,,963,,
Cotton boll,Uncommon,Item,,964,,
Cotton seed,Rare,Item,,965,,
Cotton yarn,Uncommon,Item,,966,,
Cowhide,Common,Item,,967,Humble Beginnings,
Crab paste,Common,Item,,968,,
Crab pot,Common,Item,,969,,
Crate (In Aid of the Myreque),Common,Item,,970,,
Craw's bow,Legendary,Item,,971,,
Cream boots,Common,Item,,972,,
Cream hat,Common,Item,,973,,
Cream robe bottoms,Common,Item,,974,,
Cream robe top,Common,Item,,975,,
Crier bell,Common,Item,,976,,
Crier coat,Common,Item,,977,,
Crier hat,Common,Item,,978,,
Crossbow,Common,Item,,979,,
Crossbow string,Common,Item,,980,,
Crude chair (flatpack),Common,Item,,981,,
Crunchy tray,Common,Item,,982,,
Crushed infernal shale,Rare,Item,,983,,
Crushed nest,Uncommon,Item,,984,,
Crushed superior dragon bones,Rare,Item,,985,,
Crystal armour seed,Rare,Item,,986,,
Crystal grail,Rare,Item,,987,,
Crystal key,Uncommon,Item,,988,,
Crystal singing for beginners,Common,Item,,989,,
Crystal tool seed,Rare,Item,,990,,
Crystal weapon seed,Mythic,Item,,991,,
Cup of hot water,Common,Item,,992,,
Cup of tea,Common,Item,,993,,
Cup of water,Common,Item,,994,,
Cupronickel bar,Uncommon,Item,,995,,
Cured yak-hide,Uncommon,Item,,996,,
Curry,Rare,Item,,997,,
Curry leaf,Common,Item,,998,,
Curry sapling,Uncommon,Item,,999,,
Curry tree seed,Uncommon,Item,,1000,,
Cursed amulet of magic,Uncommon,Item,,1001,,
Cyclops head,Common,Item,,1002,,
Dagannoth bones,Rare,Item,,1003,,
Dagannoth hide,Uncommon,Item,,1004,,
Dagon'hai hat,Mythic,Item,,1005,,
Dagon'hai robe bottom,Mythic,Item,,1006,,
Dagon'hai robe top,Mythic,Item,,1007,,
Dagon'hai robes set,Mythic,Item,,1008,,
Damaged monkey tail,Common,Item,,1009,,
Damp egg,Common,Item,,1010,,
Damp tinderbox,Common,Item,,1011,,
Dareeyak teleport (tablet),Uncommon,Item,,1012,,
Dark bow,Mythic,Item,,1013,,
Dark bow tie,Common,Item,,1014,,
Dark cavalier,Common,Item,,1015,,
Dark crab,Mythic,Item,,1016,,
Dark fishing bait,Uncommon,Item,,1017,,
Dark infinity colour kit,Common,Item,,1018,,
Dark kebbit fur,Uncommon,Item,,1019,,
Dark trousers,Common,Item,,1020,,
Dark tuxedo cuffs,Common,Item,,1021,,
Dark tuxedo jacket,Common,Item,,1022,,
Dark tuxedo shoes,Common,Item,,1023,,
Dashing kebbit fur,Uncommon,Item,,1024,,
Death rune,Rare,Item,,1025,Mages of the Shore,
Death talisman,Uncommon,Item,,1026,,
Death tiara,Uncommon,Item,,1027,,
Deerstalker,Common,Item,,1028,,
Defence mix,Common,Item,,1029,,
Defence potion,Common,Item,,1030,,
Demon dung,Common,Item,,1031,,
Demon feet,Common,Item,,1032,,
Demon tear,Uncommon,Item,,1033,,
Demonic tallow,Uncommon,Item,,1034,,
Desert boots,Common,Item,,1035,,
Desert camo legs,Common,Item,,1036,,
Desert camo top,Common,Item,,1037,,
Desert devil fur,Common,Item,,1038,,
Desert goat horn,Common,Item,,1039,,
Desert legs,Common,Item,,1040,,
Desert robe,Common,Item,,1041,,
Desert robes,Common,Item,,1042,,
Desert shirt,Common,Item,,1043,,
Desert top,Common,Item,,1044,,
Desert top (overcoat),Common,Item,,1045,,
Devout boots,Mythic,Item,,1046,,
Dexterous prayer scroll,Legendary,Item,,1047,,
Dharok's armour set,Mythic,Item,,1048,,
Dharok's greataxe,Mythic,Item,,1049,,
Dharok's helm,Mythic,Item,,1050,,
Dharok's platebody,Mythic,Item,,1051,,
Dharok's platelegs,Mythic,Item,,1052,,
Diabolic worms,Rare,Item,,1053,,
Diamond,Rare,Item,,1054,,
Diamond amulet,Rare,Item,,1055,,
Diamond amulet (u),Rare,Item,,1056,,
Diamond bolt tips,Rare,Item,,1057,,
Diamond bolts,Rare,Item,,1058,,
Diamond bolts (e),Rare,Item,,1059,,
Diamond bracelet,Rare,Item,,1060,,
Diamond dragon bolts,Rare,Item,,1061,,
Diamond dragon bolts (e),Rare,Item,,1062,,
Diamond necklace,Rare,Item,,1063,,
Diamond ring,Rare,Item,,1064,,
Digsite teleport,Uncommon,Item,,1065,,
Dinh's bulwark,Legendary,Item,,1066,,
Disk of returning,Common,Item,,1067,,
Divine bastion potion,Mythic,Item,,1068,,
Divine battlemage potion,Mythic,Item,,1069,,
Divine magic potion,Rare,Item,,1070,,
Divine ranging potion,Rare,Item,,1071,,
Divine super attack potion,Rare,Item,,1072,,
Divine super combat potion,Mythic,Item,,1073,,
Divine super defence potion,Rare,Item,,1074,,
Divine super strength potion,Rare,Item,,1075,,
Dodgy necklace,Uncommon,Item,,1076,,
Doogle leaves,Common,Item,,1077,,
Dorgeshuun crossbow,Common,Item,,1078,,
Double eye patch,Common,Item,,1079,,
Draconic visage,Rare,Item,,1080,,
Dragon 2h sword,Mythic,Item,,1081,,
Dragon armour set (lg),Mythic,Item,,1082,,
Dragon armour set (sk),Mythic,Item,,1083,,
Dragon arrow,Mythic,Item,,1084,,
Dragon arrowtips,Mythic,Item,,1085,,
Dragon axe,Mythic,Item,,1086,,
Dragon battleaxe,Mythic,Item,,1087,,
Dragon bitter,Common,Item,,1088,,
Dragon bitter (flatpack),Common,Item,,1089,,
Dragon bitter (keg),Common,Item,,1090,,
Dragon bitter (Player-owned house),Common,Item,,1091,,
Dragon bitter(m),Common,Item,,1092,,
Dragon bitter(m) (keg),Common,Item,,1093,,
Dragon bolts,Mythic,Item,,1094,,
Dragon bolts (unf),Rare,Item,,1095,,
Dragon bones,Rare,Item,,1096,,
Dragon boots,Mythic,Item,,1097,,
Dragon boots ornament kit,Common,Item,,1098,,
Dragon cane,Rare,Item,,1099,,
Dragon cannon barrel,Mythic,Item,,1100,,
Dragon cannonball,Mythic,Item,,1101,,
Dragon chainbody,Mythic,Item,,1102,,
Dragon chainbody ornament kit,Common,Item,,1103,,
Dragon claws,Legendary,Item,,1104,,
Dragon crossbow,Mythic,Item,,1105,,
Dragon crossbow (u),Rare,Item,,1106,,
Dragon dagger,Mythic,Item,,1107,,
Dragon dart,Mythic,Item,,1108,,
Dragon dart tip,Rare,Item,,1109,,
Dragon defender ornament kit,Common,Item,,1110,,
Dragon felling axe,Mythic,Item,,1111,,
Dragon full helm,Mythic,Item,,1112,,
Dragon full helm ornament kit,Common,Item,,1113,,
Dragon halberd,Mythic,Item,,1114,,
Dragon harpoon,Mythic,Item,,1115,,
Dragon hasta,Mythic,Item,,1116,,
Dragon hunter crossbow,Legendary,Item,,1117,,
Dragon hunter lance,Legendary,Item,,1118,,
Dragon hunter wand,Legendary,Item,,1119,,
Dragon impling jar,Mythic,Item,,1120,,
Dragon javelin,Mythic,Item,,1121,,
Dragon javelin tips,Rare,Item,,1122,,
Dragon keel parts,Mythic,Item,,1123,,
Dragon kiteshield,Mythic,Item,,1124,,
Dragon kiteshield ornament kit,Common,Item,,1125,,
Dragon knife,Mythic,Item,,1126,,
Dragon legs/skirt ornament kit,Common,Item,,1127,,
Dragon limbs,Rare,Item,,1128,,
Dragon longsword,Mythic,Item,,1129,,
Dragon mace,Mythic,Item,,1130,,
Dragon med helm,Mythic,Item,,1131,,
Dragon metal lump,Rare,Item,,1132,,
Dragon metal shard,Rare,Item,,1133,,
Dragon metal sheet,Mythic,Item,,1134,,
Dragon metal slice,Rare,Item,,1135,,
Dragon nails,Rare,Item,,1136,,
Dragon necklace,Rare,Item,,1137,,
Dragon pickaxe,Mythic,Item,,1138,,
Dragon pickaxe upgrade kit,Uncommon,Item,,1139,,
Dragon platebody,Mythic,Item,,1140,,
Dragon platebody ornament kit,Common,Item,,1141,,
Dragon platelegs,Mythic,Item,,1142,,
Dragon plateskirt,Mythic,Item,,1143,,
Dragon scale dust,Uncommon,Item,,1144,,
Dragon scimitar,Mythic,Item,,1145,,
Dragon scimitar ornament kit,Common,Item,,1146,,
Dragon spear,Mythic,Item,,1147,,
Dragon sq shield,Mythic,Item,,1148,,
Dragon sq shield ornament kit,Common,Item,,1149,,
Dragon sword,Mythic,Item,,1150,,
Dragon thrownaxe,Mythic,Item,,1151,,
Dragon warhammer,Legendary,Item,,1152,,
Dragonbone necklace,Rare,Item,,1153,,
Dragonfire shield,Mythic,Item,,1154,,
Dragonfire ward,Legendary,Item,,1155,,
Dragonfruit,Rare,Item,,1156,,
Dragonfruit pie,Rare,Item,,1157,,
Dragonfruit sapling,Mythic,Item,,1158,,
Dragonfruit tree seed,Mythic,Item,,1159,,
Dragonstone,Rare,Item,,1160,,
Dragonstone amulet,Rare,Item,,1161,,
Dragonstone amulet (u),Rare,Item,,1162,,
Dragonstone armour set,Rare,Item,,1163,,
Dragonstone bolt tips,Rare,Item,,1164,,
Dragonstone bolts,Rare,Item,,1165,,
Dragonstone bolts (e),Rare,Item,,1166,,
Dragonstone boots,Rare,Item,,1167,,
Dragonstone bracelet,Rare,Item,,1168,,
Dragonstone dragon bolts,Rare,Item,,1169,,
Dragonstone dragon bolts (e),Rare,Item,,1170,,
Dragonstone full helm,Rare,Item,,1171,,
Dragonstone gauntlets,Rare,Item,,1172,,
Dragonstone platebody,Rare,Item,,1173,,
Dragonstone platelegs,Rare,Item,,1174,,
Dragonstone ring,Rare,Item,,1175,,
Drake bones,Uncommon,Item,,1176,,
Drake's claw,Rare,Item,,1177,,
Drake's tooth,Uncommon,Item,,1178,,
Draynor manor teleport (tablet),Common,Item,,1179,,
Drift net,Uncommon,Item,,1180,,
Druid's robe,Common,Item,,1181,,
Druid's robe top,Common,Item,,1182,,
Drunk dragon,Common,Item,,1183,,
Dual macuahuitl,Mythic,Item,,1184,,
Dual sai,Uncommon,Item,,1185,,
Dust (item),Common,Item,,1186,,
Dust battlestaff,Uncommon,Item,,1187,,
Dust rune,Uncommon,Item,,1188,,
Dwarf cannon set,Mythic,Item,,1189,,
Dwarf weed,Mythic,Item,,1190,Knights of Saradomin,
Dwarf weed potion (unf),Uncommon,Item,,1191,,
Dwarf weed seed,Mythic,Item,,1192,,
Dwarven helmet,Rare,Item,,1193,,
Dwarven stout,Common,Item,,1194,,
Dwarven stout (keg),Common,Item,,1195,,
Dwarven stout(m),Common,Item,,1196,,
Dwarven stout(m) (keg),Common,Item,,1197,,
Dwellberries,Common,Item,,1198,,
Dwellberry seed,Uncommon,Item,,1199,,
Dynamite,Uncommon,Item,,1200,,
Earmuffs,Common,Item,,1201,Creatures of the Night,
Earth battlestaff,Common,Item,,1202,,
Earth impling jar,Uncommon,Item,,1203,,
Earth orb,Uncommon,Item,,1204,,
Earth rune,Common,Item,,1205,Humble Beginnings,
Earth rune pack,Common,Item,,1206,,
Earth talisman,Common,Item,,1207,Humble Beginnings,
Earth tiara,Common,Item,,1208,,
Earthbound tecpatl,Rare,Item,,1209,,
Easter egg,Uncommon,Item,,1210,,
Eastern discovery,Common,Item,,1211,,
Eastern settlement,Common,Item,,1212,,
Echo crystal,Rare,Item,,1213,,
Echo pearl,Rare,Item,,1214,,
Eclectic impling jar,Rare,Item,,1215,,
Eclipse atlatl,Mythic,Item,,1216,,
Eclipse moon armour set,Mythic,Item,,1217,,
Eclipse moon chestplate,Mythic,Item,,1218,,
Eclipse moon helm,Mythic,Item,,1219,,
Eclipse moon tassets,Mythic,Item,,1220,,
Eclipse red,Common,Item,,1221,,
Edible seaweed,Common,Item,,1222,,
Efaritay's aid,Uncommon,Item,,1223,,
Efh salt,Common,Item,,1224,,
Egg,Common,Item,,1225,Humble Beginnings,
Egg and tomato,Common,Item,,1226,Humble Beginnings,
Egg potato,Uncommon,Item,,1227,,
Egg whisk,Common,Item,,1228,,
Elder chaos hood,Rare,Item,,1229,,
Elder chaos robe,Rare,Item,,1230,,
Elder chaos top,Rare,Item,,1231,,
Elder maul,Legendary,Item,,1232,,
Eldritch orb,Legendary,Item,,1233,,
Elemental helmet,Common,Item,,1234,,
Elemental shield,Common,Item,,1235,,
Elemental talisman,Rare,Item,,1236,,
Elemental tiara,Rare,Item,,1237,,
Elidinis' ward,Mythic,Item,,1238,,
Elkhorn coral,Uncommon,Item,,1239,,
Elkhorn frag,Uncommon,Item,,1240,,
Elkhorn potion (unf),Uncommon,Item,,1241,,
Elven boots,Common,Item,,1242,,
Elven dawn,Common,Item,,1243,,
Elven gloves,Common,Item,,1244,,
Elven legwear,Common,Item,,1245,,
Elven signet,Common,Item,,1246,,
Elven skirt (white),Common,Item,,1247,,
Elven skirt (yellow),Common,Item,,1248,,
Elven top (white vest),Common,Item,,1249,,
Elven top (white),Common,Item,,1250,,
Elven top (yellow vest),Common,Item,,1251,,
Elven top (yellow),Common,Item,,1252,,
Elysian sigil,Mythic,Item,,1253,,
Elysian spirit shield,Legendary,Item,,1254,,
Emerald,Common,Item,,1255,Emir’s Dominion,
Emerald amulet,Common,Item,,1256,Emir’s Dominion,
Emerald amulet (u),Common,Item,,1257,Emir’s Dominion,
Emerald bolt tips,Common,Item,,1258,Emir’s Dominion,
Emerald bolts,Common,Item,,1259,Emir’s Dominion,
Emerald bolts (e),Common,Item,,1260,,
Emerald bracelet,Common,Item,,1261,Emir’s Dominion,
Emerald dragon bolts,Common,Item,,1262,,
Emerald dragon bolts (e),Common,Item,,1263,,
Emerald necklace,Common,Item,,1264,Emir’s Dominion,
Emerald ring,Common,Item,,1265,Emir’s Dominion,
Empty bucket pack,Common,Item,,1266,Humble Beginnings,
Empty candle lantern,Common,Item,,1267,,
Empty cup,Common,Item,,1268,,
Empty cup (clay),Common,Item,,1269,,
Empty fish food box,Common,Item,,1270,,
Empty jug pack,Common,Item,,1271,Humble Beginnings,
Empty oil lamp,Common,Item,,1272,,
Empty oil lantern,Common,Item,,1273,,
Empty oyster,Common,Item,,1274,,
Empty plant pot,Common,Item,,1275,,
Empty sack,Common,Item,,1276,,
Empty vial pack,Common,Item,,1277,,
Enchant diamond,Rare,Item,,1278,,
Enchant dragonstone,Rare,Item,,1279,,
Enchant emerald or jade,Common,Item,,1280,,
Enchant onyx,Mythic,Item,,1281,,
Enchant ruby or topaz,Uncommon,Item,,1282,,
Enchant sapphire or opal,Common,Item,,1283,,
Enchanted hat,Rare,Item,,1284,,
Enchanted robe,Rare,Item,,1285,,
Enchanted top,Rare,Item,,1286,,
Energy mix,Common,Item,,1287,,
Energy potion,Common,Item,,1288,,
Enhanced crystal teleport seed,Mythic,Item,,1289,,
Enhanced crystal weapon seed,Mythic,Item,,1290,,
Enhanced quetzal whistle blueprint,Uncommon,Item,,1291,,
Enormous pearl,Rare,Item,,1292,,
Ensouled abyssal head,Rare,Item,,1293,,
Ensouled aviansie head,Uncommon,Item,,1294,,
Ensouled bear head,Common,Item,,1295,,
Ensouled bloodveld head,Rare,Item,,1296,,
Ensouled chaos druid head,Common,Item,,1297,,
Ensouled dagannoth head,Uncommon,Item,,1298,,
Ensouled demon head,Rare,Item,,1299,,
Ensouled dog head,Common,Item,,1300,,
Ensouled dragon head,Rare,Item,,1301,,
Ensouled elf head,Uncommon,Item,,1302,,
Ensouled giant head,Common,Item,,1303,,
Ensouled goblin head,Common,Item,,1304,,
Ensouled hellhound head,Rare,Item,,1305,,
Ensouled horror head,Uncommon,Item,,1306,,
Ensouled imp head,Common,Item,,1307,Mages of the Shore,
Ensouled kalphite head,Uncommon,Item,,1308,,
Ensouled minotaur head,Common,Item,,1309,,
Ensouled monkey head,Common,Item,,1310,,
Ensouled ogre head,Uncommon,Item,,1311,,
Ensouled scorpion head,Common,Item,,1312,Emir’s Dominion,
Ensouled troll head,Uncommon,Item,,1313,,
Ensouled tzhaar head,Rare,Item,,1314,,
Ensouled unicorn head,Common,Item,,1315,,
Ent branch,Rare,Item,,1316,,
Equa leaves,Common,Item,,1317,,
Essence impling jar,Uncommon,Item,,1318,,
Eternal boots,Mythic,Item,,1319,,
Eternal crystal,Rare,Item,,1320,,
Eternal gem,Mythic,Item,,1321,,
Evil chicken feet,Common,Item,,1322,,
Evil chicken head,Common,Item,,1323,,
Evil chicken legs,Common,Item,,1324,,
Evil chicken wings,Common,Item,,1325,,
Expeditious bracelet,Uncommon,Item,,1326,,
Explorer backpack,Common,Item,,1327,,
Extended anti-venom+,Mythic,Item,,1328,,
Extended antifire,Rare,Item,,1329,,
Extended antifire mix,Uncommon,Item,,1330,,
Extended stamina potion,Mythic,Item,,1331,,
Extended super antifire,Mythic,Item,,1332,,
Extended super antifire mix,Rare,Item,,1333,,
Extreme energy potion,Uncommon,Item,,1334,,
Eye of ayak,Legendary,Item,,1335,,
Eye of newt,Common,Item,,1336,,
Eye of newt pack,Common,Item,,1337,,
Facemask,Common,Item,,1338,Mages of the Shore,
Fake beard,Common,Item,,1339,,
Falador teleport (tablet),Common,Item,,1340,,
Fancy hedge (bagged),Uncommon,Item,,1341,,
Fancy teak dresser (flatpack),Uncommon,Item,,1342,,
Fancy tiara,Common,Item,,1343,,
Fangs of venenatis,Rare,Item,,1344,,
Farseer helm,Rare,Item,,1345,,
Fat snail,Common,Item,,1346,,
Fat snail meat,Common,Item,,1347,,
Fayrg bones,Uncommon,Item,,1348,,
Feather,Common,Item,,1349,Humble Beginnings,
Feather pack,Common,Item,,1350,,
Fedora,Common,Item,,1351,,
Feldip hills teleport,Uncommon,Item,,1352,,
Feldip weasel fur,Common,Item,,1353,,
Felling axe handle,Rare,Item,,1354,,
Fenkenstrain's castle teleport (tablet),Uncommon,Item,,1355,,
Fez,Common,Item,,1356,,
Fibula piece,Uncommon,Item,,1357,,
Field ration,Common,Item,,1358,,
Fiendish ashes,Common,Item,,1359,Mages of the Shore,
Filled plant pot,Common,Item,,1360,,
Fine cloth,Uncommon,Item,,1361,,
Fine fish offcuts,Uncommon,Item,,1362,,
Fire battlestaff,Common,Item,,1363,,
Fire element staff crown,Rare,Item,,1364,,
Fire orb,Uncommon,Item,,1365,,
Fire rune,Common,Item,,1366,Humble Beginnings,
Fire rune pack,Common,Item,,1367,,
Fire talisman,Common,Item,,1368,Mages of the Shore,
Fire tiara,Common,Item,,1369,,
Fish crate (bluefin),Uncommon,Item,,1370,,
Fish crate (empty),Uncommon,Item,,1371,,
Fish crate (giant krill),Uncommon,Item,,1372,,
Fish crate (haddock),Uncommon,Item,,1373,,
Fish crate (halibut),Uncommon,Item,,1374,,
Fish crate (marlin),Uncommon,Item,,1375,,
Fish crate (yellowfin),Uncommon,Item,,1376,,
Fish food,Common,Item,,1377,,
Fish offcuts,Common,Item,,1378,,
Fish pie,Common,Item,,1379,,
Fishbowl,Common,Item,,1380,,
Fishing bait,Common,Item,,1381,Humble Beginnings,
Fishing guild teleport (tablet),Uncommon,Item,,1382,,
Fishing mix,Common,Item,,1383,,
Fishing potion,Common,Item,,1384,,
Fishing rod,Common,Item,,1385,,
Flared trousers,Common,Item,,1386,,
Flattened hide,Uncommon,Item,,1387,,
Flax,Common,Item,,1388,,
Flax seed,Common,Item,,1389,,
Flighted ogre arrow,Common,Item,,1390,,
Fly fishing rod,Common,Item,,1391,,
Flyer,Common,Item,,1392,,
Forester's ration,Common,Item,,1393,,
Forgotten brew,Rare,Item,,1394,,
Fossilised dung,Common,Item,,1395,,
Four-poster bed (flatpack),Uncommon,Item,,1396,,
Fox fur,Uncommon,Item,,1397,,
Fremennik beige shirt,Common,Item,,1398,,
Fremennik black cloak,Common,Item,,1399,,
Fremennik blue cloak,Common,Item,,1400,,
Fremennik blue shirt,Common,Item,,1401,,
Fremennik boots,Common,Item,,1402,,
Fremennik brown cloak,Common,Item,,1403,,
Fremennik brown shirt,Common,Item,,1404,,
Fremennik cyan cloak,Common,Item,,1405,,
Fremennik gloves,Common,Item,,1406,,
Fremennik green cloak,Common,Item,,1407,,
Fremennik grey cloak,Common,Item,,1408,,
Fremennik grey shirt,Common,Item,,1409,,
Fremennik hat,Common,Item,,1410,,
Fremennik kilt,Common,Item,,1411,,
Fremennik pink cloak,Common,Item,,1412,,
Fremennik purple cloak,Common,Item,,1413,,
Fremennik red cloak,Common,Item,,1414,,
Fremennik red shirt,Common,Item,,1415,,
Fremennik robe,Common,Item,,1416,,
Fremennik skirt,Common,Item,,1417,,
Fremennik teal cloak,Common,Item,,1418,,
Fremennik yellow cloak,Common,Item,,1419,,
Fried mushrooms,Common,Item,,1420,,
Fried onions,Common,Item,,1421,,
Frog slippers,Common,Item,,1422,,
Frog-leather body,Uncommon,Item,,1423,,
Frog-leather boots,Uncommon,Item,,1424,,
Frog-leather chaps,Uncommon,Item,,1425,,
Frost dragon bones,Rare,Item,,1426,,
Frozen tear,Uncommon,Item,,1427,,
Frozen whip mix,Common,Item,,1428,,
Fruit batta,Common,Item,,1429,,
Fruit blast,Common,Item,,1430,,
Frying pan,Uncommon,Item,,1431,,
Fur,Common,Item,,1432,,
Fury ornament kit,Common,Item,,1433,,
Games necklace,Common,Item,,1434,,
Garden pie,Uncommon,Item,,1435,,
Gardening boots,Common,Item,,1436,Humble Beginnings,
Gardening trowel,Common,Item,,1437,,
Garlic,Common,Item,,1438,Mages of the Shore,
Garlic powder,Common,Item,,1439,Mages of the Shore,
Ghorrock teleport (tablet),Uncommon,Item,,1440,,
Ghrazi rapier,Legendary,Item,,1441,Shadows Over Hallowvale,
Gianne dough,Common,Item,,1442,,
Gianne's cook book,Common,Item,,1443,,
Giant boot,Common,Item,,1444,,
Giant egg sac,Uncommon,Item,,1445,,
Giant frog legs,Common,Item,,1446,,
Giant krill,Rare,Item,,1447,,
Giant seaweed,Uncommon,Item,,1448,,
Gilded 2h sword,Rare,Item,,1449,,
Gilded armour set (lg),Rare,Item,,1450,,
Gilded armour set (sk),Rare,Item,,1451,,
Gilded axe,Rare,Item,,1452,,
Gilded bench (flatpack),Uncommon,Item,,1453,,
Gilded boots,Rare,Item,,1454,,
Gilded cape rack (flatpack),Uncommon,Item,,1455,,
Gilded chainbody,Rare,Item,,1456,,
Gilded clock (flatpack),Uncommon,Item,,1457,,
Gilded coif,Rare,Item,,1458,,
Gilded d'hide body,Rare,Item,,1459,,
Gilded d'hide chaps,Rare,Item,,1460,,
Gilded d'hide vambraces,Rare,Item,,1461,,
Gilded dragonhide set,Rare,Item,,1462,,
Gilded dresser (flatpack),Uncommon,Item,,1463,,
Gilded four-poster (flatpack),Uncommon,Item,,1464,,
Gilded full helm,Rare,Item,,1465,,
Gilded hasta,Rare,Item,,1466,,
Gilded kiteshield,Rare,Item,,1467,,
Gilded magic wardrobe (flatpack),Rare,Item,,1468,,
Gilded med helm,Rare,Item,,1469,,
Gilded pickaxe,Rare,Item,,1470,,
Gilded platebody,Rare,Item,,1471,,
Gilded platelegs,Rare,Item,,1472,,
Gilded plateskirt,Rare,Item,,1473,,
Gilded scimitar,Rare,Item,,1474,,
Gilded spade,Rare,Item,,1475,,
Gilded spear,Common,Item,,1476,,
Gilded sq shield,Rare,Item,,1477,,
Gilded wardrobe (flatpack),Rare,Item,,1478,,
Gin,Common,Item,,1479,,
Glacial temotli,Rare,Item,,1480,,
Glassblowing book,Common,Item,,1481,,
Glassblowing pipe,Common,Item,,1482,,
Glistening pearl,Rare,Item,,1483,,
Gloves of darkness,Rare,Item,,1484,,
Gloves of silence,Uncommon,Item,,1485,,
Gnome goggles,Common,Item,,1486,,
Gnome scarf,Common,Item,,1487,,
Gnome spice,Common,Item,,1488,,
Gnomeball,Common,Item,,1489,,
Gnomebowl mould,Common,Item,,1490,,
Gnomish firelighter,Common,Item,,1491,,
Goading potion,Rare,Item,,1492,,
Goat horn dust,Common,Item,,1493,,
Goblin book,Common,Item,,1494,,
Goblin mail,Common,Item,,1495,Humble Beginnings,
Goblin mask,Common,Item,,1496,,
Godsword blade,Rare,Item,,1497,,
Godsword shard 1,Uncommon,Item,,1498,,
Godsword shard 2,Uncommon,Item,,1499,,
Godsword shard 3,Uncommon,Item,,1500,,
Gold amulet,Common,Item,,1501,Emir’s Dominion,
Gold amulet (u),Common,Item,,1502,Emir’s Dominion,
Gold bar,Uncommon,Item,,1503,Emir’s Dominion,
Gold bracelet,Common,Item,,1504,Emir’s Dominion,
Gold elegant blouse,Common,Item,,1505,,
Gold elegant legs,Common,Item,,1506,,
Gold elegant shirt,Common,Item,,1507,,
Gold elegant skirt,Common,Item,,1508,,
Gold headband,Common,Item,,1509,,
Gold leaf,Rare,Item,,1510,,
Gold locks,Uncommon,Item,,1511,,
Gold necklace,Common,Item,,1512,Emir’s Dominion,
Gold ore,Uncommon,Item,,1513,Emir’s Dominion,
Gold ring,Common,Item,,1514,Emir’s Dominion,
Gold satchel,Common,Item,,1515,,
Gold tiara,Uncommon,Item,,1516,Emir’s Dominion,
Golden apron,Common,Item,,1517,,
Golden chef's hat,Common,Item,,1518,,
Golovanova fruit top,Common,Item,,1519,,
Gourmet impling jar,Common,Item,,1520,,
Gout tuber,Uncommon,Item,,1521,,
Graahk fur,Common,Item,,1522,,
Graahk headdress,Common,Item,,1523,,
Graahk legs,Common,Item,,1524,,
Graahk top,Common,Item,,1525,,
Grain,Common,Item,,1526,Humble Beginnings,
Grand seed pod,Uncommon,Item,,1527,,
Granite,Common,Item,,1528,,
Granite body,Rare,Item,,1529,,
Granite boots,Rare,Item,,1530,,
Granite clamp,Common,Item,,1531,,
Granite gloves,Rare,Item,,1532,,
Granite hammer,Rare,Item,,1533,,
Granite helm,Rare,Item,,1534,,
Granite legs,Rare,Item,,1535,,
Granite longsword,Rare,Item,,1536,,
Granite maul,Rare,Item,,1537,,
Granite ring,Uncommon,Item,,1538,,
Granite shield,Rare,Item,,1539,,
Grape seed,Uncommon,Item,,1540,,
Grapes,Common,Item,,1541,,
Greater demon mask,Common,Item,,1542,,
Greater siren,Common,Item,,1543,,
Green boater,Common,Item,,1544,,
Green boots,Common,Item,,1545,,
Green cape,Common,Item,,1546,,
Green d'hide body,Rare,Item,,1547,,
Green d'hide body (g),Rare,Item,,1548,,
Green d'hide body (t),Rare,Item,,1549,,
Green d'hide chaps,Rare,Item,,1550,,
Green d'hide chaps (g),Rare,Item,,1551,,
Green d'hide chaps (t),Rare,Item,,1552,,
Green d'hide shield,Rare,Item,,1553,,
Green d'hide vambraces,Rare,Item,,1554,,
Green dark bow paint,Common,Item,,1555,,
Green dragon leather,Uncommon,Item,,1556,,
Green dragon mask,Common,Item,,1557,,
Green dragonhide,Uncommon,Item,,1558,,
Green dragonhide set,Rare,Item,,1559,,
Green dye,Common,Item,,1560,Mages of the Shore,
Green elegant blouse,Common,Item,,1561,,
Green elegant legs,Common,Item,,1562,,
Green elegant shirt,Common,Item,,1563,,
Green elegant skirt,Common,Item,,1564,,
Green firelighter,Common,Item,,1565,,
Green halloween mask,Common,Item,,1566,,
Green hat,Common,Item,,1567,,
Green headband,Common,Item,,1568,,
Green partyhat,Common,Item,,1569,,
Green robe bottoms,Common,Item,,1570,,
Green robe top,Common,Item,,1571,,
Green satchel,Common,Item,,1572,,
Green spiky vambraces,Rare,Item,,1573,,
Greenman carving,Common,Item,,1574,,
Greenman mask,Common,Item,,1575,,
Greenman statue,Common,Item,,1576,,
Greenman's ale,Common,Item,,1577,,
Greenman's ale (flatpack),Common,Item,,1578,,
Greenman's ale (Player-owned house),Common,Item,,1579,,
Greenman's ale(m),Common,Item,,1580,,
Greenmans ale (keg),Common,Item,,1581,,
Greenmans ale(m) (keg),Common,Item,,1582,,
Grey boots,Common,Item,,1583,,
Grey gloves,Common,Item,,1584,,
Grey hat,Common,Item,,1585,,
Grey robe bottoms,Common,Item,,1586,,
Grey robe top,Common,Item,,1587,,
Grey toy horsey,Common,Item,,1588,,
Grey wolf fur,Common,Item,,1589,,
Grimy avantoe,Uncommon,Item,,1590,Knights of Saradomin,
Grimy cadantine,Uncommon,Item,,1591,Knights of Saradomin,
Grimy dwarf weed,Uncommon,Item,,1592,Knights of Saradomin,
Grimy guam leaf,Common,Item,,1593,Humble Beginnings,
Grimy harralander,Common,Item,,1594,Mages of the Shore,
Grimy huasca,Uncommon,Item,,1595,,
Grimy irit leaf,Common,Item,,1596,Mages of the Shore,
Grimy kwuarm,Uncommon,Item,,1597,Knights of Saradomin,
Grimy lantadyme,Uncommon,Item,,1598,Knights of Saradomin,
Grimy marrentill,Common,Item,,1599,Humble Beginnings,
Grimy ranarr weed,Common,Item,,1600,Mages of the Shore,
Grimy snapdragon,Uncommon,Item,,1601,,
Grimy tarromin,Common,Item,,1602,Humble Beginnings,
Grimy toadflax,Common,Item,,1603,,
Grimy torstol,Uncommon,Item,,1604,,
Grog,Common,Item,,1605,,
Ground bat bones,Common,Item,,1606,,
Ground guam,Common,Item,,1607,,
Ground seaweed,Common,Item,,1608,,
Grubby key,Rare,Item,,1609,,
Gryphon feather,Common,Item,,1610,,
Guam leaf,Common,Item,,1611,Humble Beginnings,
Guam potion (unf),Common,Item,,1612,,
Guam seed,Common,Item,,1613,,
Guam tar,Common,Item,,1614,,
Guardian boots,Mythic,Item,,1615,,
Guthan's armour set,Mythic,Item,,1616,,
Guthan's chainskirt,Mythic,Item,,1617,,
Guthan's helm,Mythic,Item,,1618,,
Guthan's platebody,Mythic,Item,,1619,,
Guthan's warspear,Mythic,Item,,1620,,
Guthix armour set (lg),Rare,Item,,1621,,
Guthix armour set (sk),Rare,Item,,1622,,
Guthix balance,Common,Item,,1623,,
Guthix balance (unf),Common,Item,,1624,,
Guthix bracers,Mythic,Item,,1625,,
Guthix chaps,Mythic,Item,,1626,,
Guthix cloak,Uncommon,Item,,1627,,
Guthix coif,Mythic,Item,,1628,,
Guthix crozier,Uncommon,Item,,1629,,
Guthix d'hide body,Mythic,Item,,1630,,
Guthix d'hide boots,Mythic,Item,,1631,,
Guthix d'hide shield,Mythic,Item,,1632,,
Guthix dragonhide set,Mythic,Item,,1633,,
Guthix full helm,Rare,Item,,1634,,
Guthix kiteshield,Rare,Item,,1635,,
Guthix mitre,Uncommon,Item,,1636,,
Guthix mjolnir,Common,Item,,1637,,
Guthix page 1,Uncommon,Item,,1638,,
Guthix page 2,Uncommon,Item,,1639,,
Guthix page 3,Uncommon,Item,,1640,,
Guthix page 4,Uncommon,Item,,1641,,
Guthix platebody,Rare,Item,,1642,,
Guthix platelegs,Rare,Item,,1643,,
Guthix plateskirt,Rare,Item,,1644,,
Guthix rest,Common,Item,,1645,,
Guthix robe legs,Uncommon,Item,,1646,,
Guthix robe top,Uncommon,Item,,1647,,
Guthix stole,Uncommon,Item,,1648,,
Guthixian temple teleport,Uncommon,Item,,1649,,
Haddock,Rare,Item,,1650,,
Haddock eye,Uncommon,Item,,1651,,
Haemostatic dressing,Rare,Item,,1652,,
Haemostatic poultice,Uncommon,Item,,1653,,
Hair,Common,Item,,1654,,
Half certificate,Common,Item,,1655,,
Half coconut,Common,Item,,1656,,
Half full wine jug,Common,Item,,1657,,
Half moon spectacles,Common,Item,,1658,,
Halibut,Rare,Item,,1659,,
Halloween mask set,Common,Item,,1660,,
Ham boots,Common,Item,,1661,,
Ham cloak,Common,Item,,1662,,
Ham gloves,Common,Item,,1663,,
Ham hood,Common,Item,,1664,,
Ham joint,Common,Item,,1665,,
Ham logo,Common,Item,,1666,,
Ham robe,Common,Item,,1667,,
Ham shirt,Common,Item,,1668,,
Hammer,Common,Item,,1669,Humble Beginnings,
Hammerstone hops,Common,Item,,1670,Humble Beginnings,
Hammerstone seed,Common,Item,,1671,Mages of the Shore,
Hard leather,Common,Item,,1672,,
Hard leather shield,Uncommon,Item,,1673,,
Hardleather body,Uncommon,Item,,1674,,
Harmonised orb,Legendary,Item,,1675,,
Harmony island teleport (tablet),Uncommon,Item,,1676,,
Harpoon,Common,Item,,1677,,
Harralander,Uncommon,Item,,1678,Mages of the Shore,
Harralander potion (unf),Common,Item,,1679,,
Harralander seed,Uncommon,Item,,1680,,
Harralander tar,Common,Item,,1681,,
Hat eyepatch,Common,Item,,1682,,
Headless arrow,Common,Item,,1683,,
Headless atlatl dart,Uncommon,Item,,1684,,
Heavy ballista,Mythic,Item,,1685,,
Heavy frame,Uncommon,Item,,1686,,
Helm of neitiznot,Rare,Item,,1687,,
Hemp,Uncommon,Item,,1688,,
Hemp seed,Uncommon,Item,,1689,,
Hemp yarn,Rare,Item,,1690,,
Herb tea mix,Common,Item,,1691,,
Herring,Common,Item,,1692,,
Highwayman mask,Common,Item,,1693,,
Hill giant club,Rare,Item,,1694,,
Holy blessing,Uncommon,Item,,1695,,
Holy book page set,Uncommon,Item,,1696,,
Holy elixir,Uncommon,Item,,1697,,
Holy handegg,Common,Item,,1698,,
Holy mould,Common,Item,,1699,Emir’s Dominion,
Holy sandals,Uncommon,Item,,1700,,
Holy symbol,Uncommon,Item,,1701,,
Holy wraps,Uncommon,Item,,1702,,
Honourable blessing,Uncommon,Item,,1703,,
Hood of darkness,Rare,Item,,1704,,
Horn of plenty,Rare,Item,,1705,,
Hosidius banner,Common,Item,,1706,,
Hosidius hood,Common,Item,,1707,,
Hosidius scarf,Common,Item,,1708,,
Huasca,Rare,Item,,1709,,
Huasca potion (unf),Uncommon,Item,,1710,,
Huasca seed,Rare,Item,,1711,,
Hueycoatl hide,Rare,Item,,1712,,
Hueycoatl hide armour set,Mythic,Item,,1713,,
Hueycoatl hide body,Mythic,Item,,1714,,
Hueycoatl hide chaps,Mythic,Item,,1715,,
Hueycoatl hide coif,Mythic,Item,,1716,,
Hueycoatl hide vambraces,Mythic,Item,,1717,,
Huge pearl,Common,Item,,1718,,
Hunter potion,Common,Item,,1719,,
Hunter spear tips,Uncommon,Item,,1720,,
Hunter's spear,Rare,Item,,1721,,
Hunters' crossbow,Rare,Item,,1722,,
Hunters' sunlight crossbow,Rare,Item,,1723,,
Hunting mix,Common,Item,,1724,,
Hydra bones,Mythic,Item,,1725,,
Hydra leather,Mythic,Item,,1726,,
Hydra tail,Rare,Item,,1727,,
Hydra's claw,Rare,Item,,1728,,
Ice element staff crown,Rare,Item,,1729,,
Ice plateau teleport (tablet),Uncommon,Item,,1730,,
Icy basalt,Uncommon,Item,,1731,,
Imbued heart,Legendary,Item,,1732,,
Immature tecu salamander,Common,Item,,1733,,
Imp mask,Common,Item,,1734,,
Imp repellent,Common,Item,,1735,,
Imperial rosé,Common,Item,,1736,,
Impling jar,Common,Item,,1737,,
Incomplete heavy ballista,Uncommon,Item,,1738,,
Incomplete light ballista,Uncommon,Item,,1739,,
Incomplete pizza,Common,Item,,1740,,
Incomplete stew,Common,Item,,1741,Humble Beginnings,
Infernal ashes,Mythic,Item,,1742,,
Infernal plate,Rare,Item,,1743,,
Infinity boots,Rare,Item,,1744,,
Infinity bottoms,Rare,Item,,1745,,
Infinity gloves,Rare,Item,,1746,,
Infinity hat,Rare,Item,,1747,,
Infinity top,Rare,Item,,1748,,
Initiate cuisse,Uncommon,Item,,1749,,
Initiate harness m,Uncommon,Item,,1750,,
Initiate hauberk,Uncommon,Item,,1751,,
Initiate sallet,Uncommon,Item,,1752,,
Inky paint,Common,Item,,1753,,
Inoculation bracelet,Uncommon,Item,,1754,,
Inquisitor's armour set,Mythic,Item,,1755,,
Inquisitor's great helm,Mythic,Item,,1756,,
Inquisitor's hauberk,Mythic,Item,,1757,,
Inquisitor's mace,Legendary,Item,,1758,,
Inquisitor's plateskirt,Mythic,Item,,1759,,
Insect repellent,Common,Item,,1760,,
Insulated boots,Common,Item,,1761,Mages of the Shore,
Iorwerth camp teleport,Uncommon,Item,,1762,,
Irit leaf,Rare,Item,,1763,Mages of the Shore,
Irit potion (unf),Uncommon,Item,,1764,,
Irit seed,Rare,Item,,1765,,
Irit tar,Common,Item,,1766,,
Iron 2h sword,Common,Item,,1767,Mages of the Shore,
Iron arrow,Common,Item,,1768,Humble Beginnings,
Iron arrowtips,Common,Item,,1769,Humble Beginnings,
Iron axe,Common,Item,,1770,Humble Beginnings,
Iron bar,Common,Item,,1771,Humble Beginnings,
Iron battleaxe,Common,Item,,1772,Humble Beginnings,
Iron bolts,Common,Item,,1773,Mages of the Shore,
Iron bolts (unf),Common,Item,,1774,Mages of the Shore,
Iron boots,Common,Item,,1775,Humble Beginnings,
Iron brutal,Common,Item,,1776,,
Iron cannonball,Common,Item,,1777,,
Iron chainbody,Common,Item,,1778,Emir’s Dominion,
Iron claws,Common,Item,,1779,The Concealed King,
Iron crossbow,Common,Item,,1780,,
Iron crossbow (u),Common,Item,,1781,,
Iron dagger,Common,Item,,1782,Humble Beginnings,
Iron dart,Common,Item,,1783,Shifting Sands,
Iron dart tip,Common,Item,,1784,Shifting Sands,
Iron dragon mask,Common,Item,,1785,,
Iron felling axe,Common,Item,,1786,,
Iron fire arrow,Common,Item,,1787,,
Iron full helm,Common,Item,,1788,Mages of the Shore,
Iron full helm (g),Common,Item,,1789,,
Iron full helm (t),Common,Item,,1790,,
Iron gold-trimmed set (lg),Common,Item,,1791,,
Iron gold-trimmed set (sk),Common,Item,,1792,,
Iron halberd,Common,Item,,1793,,
Iron hasta,Common,Item,,1794,,
Iron javelin,Common,Item,,1795,,
Iron javelin tips,Common,Item,,1796,,
Iron keel parts,Common,Item,,1797,,
Iron kiteshield,Common,Item,,1798,Humble Beginnings,
Iron kiteshield (g),Common,Item,,1799,,
Iron kiteshield (t),Common,Item,,1800,,
Iron knife,Common,Item,,1801,Mages of the Shore,
Iron limbs,Common,Item,,1802,,
Iron longsword,Common,Item,,1803,Mages of the Shore,
Iron mace,Common,Item,,1804,Emir’s Dominion,
Iron med helm,Common,Item,,1805,Humble Beginnings,
Iron nails,Common,Item,,1806,Jewel of Misthalin,
Iron ore,Common,Item,,1807,Humble Beginnings,
Iron pickaxe,Common,Item,,1808,Emir’s Dominion,
Iron platebody,Common,Item,,1809,Mages of the Shore,
Iron platebody (g),Common,Item,,1810,,
Iron platebody (t),Common,Item,,1811,,
Iron platelegs,Common,Item,,1812,Emir’s Dominion,
Iron platelegs (g),Common,Item,,1813,,
Iron platelegs (t),Common,Item,,1814,,
Iron plateskirt,Common,Item,,1815,Emir’s Dominion,
Iron plateskirt (g),Common,Item,,1816,,
Iron plateskirt (t),Common,Item,,1817,,
Iron scimitar,Common,Item,,1818,Emir’s Dominion,
Iron set (lg),Common,Item,,1819,,
Iron set (sk),Common,Item,,1820,,
Iron sickle,Common,Item,,1821,,
Iron spear,Common,Item,,1822,,
Iron spit,Common,Item,,1823,,
Iron sq shield,Common,Item,,1824,Emir’s Dominion,
Iron sword,Common,Item,,1825,Humble Beginnings,
Iron thrownaxe,Common,Item,,1826,,
Iron warhammer,Common,Item,,1827,Emir’s Dominion,
Ironwood blowpipe,Rare,Item,,1828,,
Ironwood hull parts,Mythic,Item,,1829,,
Ironwood logs,Mythic,Item,,1830,,
Ironwood plank,Mythic,Item,,1831,,
Ironwood pyre logs,Rare,Item,,1832,,
Ironwood repair kit,Rare,Item,,1833,,
Ironwood sapling,Mythic,Item,,1834,,
Ironwood seed,Mythic,Item,,1835,,
Iwan's flyer,Common,Item,,1836,,
Ixcoztic white,Common,Item,,1837,,
Jade,Common,Item,,1838,,
Jade amulet,Common,Item,,1839,,
Jade amulet (u),Common,Item,,1840,,
Jade bolt tips,Common,Item,,1841,,
Jade bracelet,Common,Item,,1842,,
Jade dragon bolts,Common,Item,,1843,,
Jade dragon bolts (e),Common,Item,,1844,,
Jade machete,Common,Item,,1845,,
Jade necklace,Common,Item,,1846,,
Jade ring,Common,Item,,1847,,
Jaguar fur,Uncommon,Item,,1848,,
Jangerberries,Common,Item,,1849,,
Jangerberry seed,Rare,Item,,1850,,
Jar of chemicals,Common,Item,,1851,,
Jar of darkness,Common,Item,,1852,,
Jar of decay,Common,Item,,1853,,
Jar of dirt,Common,Item,,1854,,
Jar of dreams,Common,Item,,1855,,
Jar of eyes,Common,Item,,1856,,
Jar of miasma,Common,Item,,1857,,
Jar of sand,Common,Item,,1858,,
Jar of smoke,Common,Item,,1859,,
Jar of souls,Common,Item,,1860,,
Jar of spirits,Common,Item,,1861,,
Jar of stone,Common,Item,,1862,,
Jar of swamp,Common,Item,,1863,,
Javelin shaft,Common,Item,,1864,,
Jerboa tail,Common,Item,,1865,,
Jester cape,Common,Item,,1866,,
Jogre bones,Common,Item,,1867,,
Jug,Common,Item,,1868,Humble Beginnings,
Jug of water,Common,Item,,1869,Humble Beginnings,
Jug of wine,Common,Item,,1870,Mages of the Shore,
Jumbo squid,Rare,Item,,1871,,
Jungle camo legs,Common,Item,,1872,,
Jungle camo top,Common,Item,,1873,,
Jungle demon mask,Common,Item,,1874,,
Justiciar armour set,Mythic,Item,,1875,,
Justiciar chestguard,Legendary,Item,,1876,,
Justiciar faceguard,Legendary,Item,,1877,,
Justiciar legguards,Legendary,Item,,1878,,
Jute fibre,Common,Item,,1879,,
Jute seed,Common,Item,,1880,Mages of the Shore,
Karambwan vessel,Common,Item,,1881,,
Karidian disguise,Common,Item,,1882,,
Karil's armour set,Rare,Item,,1883,,
Karil's coif,Mythic,Item,,1884,,
Karil's crossbow,Mythic,Item,,1885,,
Karil's leatherskirt,Mythic,Item,,1886,,
Karil's leathertop,Mythic,Item,,1887,,
Katana,Uncommon,Item,,1888,,
Kebab,Common,Item,,1889,Emir’s Dominion,
Kebab mix,Common,Item,,1890,,
Kebbit bolts,Uncommon,Item,,1891,,
Kebbit claws,Common,Item,,1892,,
Kebbit spike,Common,Item,,1893,,
Kebbit teeth,Common,Item,,1894,,
Kebbit teeth dust,Common,Item,,1895,,
Keg of beer,Common,Item,,1896,,
Kettle,Common,Item,,1897,,
Key master teleport,Rare,Item,,1898,,
Kharidian headpiece,Common,Item,,1899,,
Kharyrll teleport (tablet),Uncommon,Item,,1900,,
Khazard teleport (tablet),Uncommon,Item,,1901,,
King worm,Common,Item,,1902,,
Kitchen knife,Uncommon,Item,,1903,,
Kitchen table (flatpack),Common,Item,,1904,,
Knife,Common,Item,,1905,Humble Beginnings,
Kodai insignia,Rare,Item,,1906,,
Kodai wand,Legendary,Item,,1907,,
Kourend castle teleport (tablet),Uncommon,Item,,1908,,
Kovac's grog,Uncommon,Item,,1909,,
Kraken colada,Common,Item,,1910,,
Kraken tentacle,Rare,Item,,1911,,
Krandorian hops,Common,Item,,1912,Humble Beginnings,
Krandorian seed,Common,Item,,1913,Mages of the Shore,
Kwuarm,Rare,Item,,1914,Knights of Saradomin,
Kwuarm potion (unf),Uncommon,Item,,1915,,
Kwuarm seed,Rare,Item,,1916,,
Kyatt fur,Common,Item,,1917,,
Kyatt hat,Uncommon,Item,,1918,,
Kyatt legs,Uncommon,Item,,1919,,
Kyatt top,Uncommon,Item,,1920,,
Lantadyme,Mythic,Item,,1921,Knights of Saradomin,
Lantadyme potion (unf),Rare,Item,,1922,,
Lantadyme seed,Mythic,Item,,1923,,
Lantern lens,Common,Item,,1924,,
Large adamant keel parts,Rare,Item,,1925,,
Large bronze keel parts,Common,Item,,1926,,
Large camphor hull parts,Rare,Item,,1927,,
Large dragon keel parts,Mythic,Item,,1928,,
Large iron keel parts,Common,Item,,1929,,
Large ironwood hull parts,Rare,Item,,1930,,
Large mahogany hull parts,Uncommon,Item,,1931,,
Large mithril keel parts,Rare,Item,,1932,,
Large oak bed (flatpack),Common,Item,,1933,,
Large oak hull parts,Common,Item,,1934,,
Large rosewood hull parts,Mythic,Item,,1935,,
Large rune keel parts,Mythic,Item,,1936,,
Large steel keel parts,Uncommon,Item,,1937,,
Large teak bed (flatpack),Uncommon,Item,,1938,,
Large teak hull parts,Uncommon,Item,,1939,,
Large wooden hull parts,Common,Item,,1940,,
Larran's key,Rare,Item,,1941,,
Larupia fur,Common,Item,,1942,,
Larupia hat,Common,Item,,1943,,
Larupia legs,Common,Item,,1944,,
Larupia top,Common,Item,,1945,,
Lassar teleport (tablet),Uncommon,Item,,1946,,
Lava battlestaff,Uncommon,Item,,1947,,
Lava dragon bones,Rare,Item,,1948,,
Lava dragon mask,Common,Item,,1949,,
Lava rune,Uncommon,Item,,1950,,
Lava scale,Uncommon,Item,,1951,,
Lava scale shard,Common,Item,,1952,,
Lava staff upgrade kit,Common,Item,,1953,,
Law rune,Uncommon,Item,,1954,Jewel of Misthalin,
Lead bar,Uncommon,Item,,1955,,
Lead ore,Uncommon,Item,,1956,,
Leaf-bladed battleaxe,Mythic,Item,,1957,,
Leaf-bladed sword,Rare,Item,,1958,,
Lean snail,Common,Item,,1959,,
Lean snail meat,Common,Item,,1960,,
Leaping salmon,Common,Item,,1961,,
Leaping sturgeon,Common,Item,,1962,,
Leaping trout,Common,Item,,1963,,
Leather,Common,Item,,1964,Emir’s Dominion,
Leather body,Common,Item,,1965,Emir’s Dominion,
Leather body (g),Common,Item,,1966,,
Leather boots,Common,Item,,1967,Humble Beginnings,
Leather chaps,Common,Item,,1968,Emir’s Dominion,
Leather chaps (g),Common,Item,,1969,,
Leather cowl,Common,Item,,1970,Emir’s Dominion,
Leather gloves,Common,Item,,1971,Humble Beginnings,
Leather vambraces,Common,Item,,1972,Emir’s Dominion,
Leaves,Common,Item,,1973,,
Left eye patch,Common,Item,,1974,,
Lemon,Common,Item,,1975,,
Lemon chunks,Common,Item,,1976,,
Lemon slices,Common,Item,,1977,,
Leprechaun hat,Common,Item,,1978,,
Lesser demon mask,Common,Item,,1979,,
Light ballista,Rare,Item,,1980,,
Light bow tie,Common,Item,,1981,,
Light frame,Uncommon,Item,,1982,,
Light infinity colour kit,Common,Item,,1983,,
Light orb,Uncommon,Item,,1984,,
Light trousers,Common,Item,,1985,,
Light tuxedo cuffs,Common,Item,,1986,,
Light tuxedo jacket,Common,Item,,1987,,
Light tuxedo shoes,Common,Item,,1988,,
Lightbearer,Legendary,Item,,1989,,
Lily of the sands,Rare,Item,,1990,,
Lime,Common,Item,,1991,,
Lime chunks,Common,Item,,1992,,
Lime slices,Common,Item,,1993,,
Limestone,Common,Item,,1994,,
Limestone brick,Common,Item,,1995,,
Limpwurt root,Common,Item,,1996,,
Limpwurt seed,Uncommon,Item,,1997,,
Linen (Icthlarin's Little Helper),Common,Item,,1998,,
Linen yarn,Common,Item,,1999,,
Lizardkicker,Common,Item,,2000,,
Lizardman fang,Common,Item,,2001,,
Lobster,Uncommon,Item,,2002,,
Lobster pot,Common,Item,,2003,,
Lockpick,Common,Item,,2004,,
Locust meat,Common,Item,,2005,,
Log brace,Rare,Item,,2006,,
Logs,Common,Item,,2007,Humble Beginnings,
Long kebbit bolts,Uncommon,Item,,2008,,
Long kebbit spike,Common,Item,,2009,,
Longbow,Common,Item,,2010,Humble Beginnings,
Longbow (u),Common,Item,,2011,Humble Beginnings,
Loop half of key,Uncommon,Item,,2012,,
Looting bag note,Uncommon,Item,,2013,,
Lovakengj banner,Common,Item,,2014,,
Lovakengj hood,Common,Item,,2015,,
Lovakengj scarf,Common,Item,,2016,,
Lumberyard teleport,Rare,Item,,2017,,
Lumbridge graveyard teleport (tablet),Common,Item,,2018,,
Lumbridge teleport (tablet),Common,Item,,2019,,
Lunar isle teleport,Uncommon,Item,,2020,,
M. treasure chest (flatpack),Rare,Item,,2021,,
Machete,Common,Item,,2022,,
Mackerel,Common,Item,,2023,,
Mage's book,Mythic,Item,,2024,,
Magic bird house,Mythic,Item,,2025,,
Magic box,Common,Item,,2026,,
Magic cape rack (flatpack),Legendary,Item,,2027,,
Magic comp bow,Rare,Item,,2028,,
Magic essence mix,Common,Item,,2029,,
Magic fang,Rare,Item,,2030,,
Magic imp box pack,Common,Item,,2031,,
Magic leaves,Rare,Item,,2032,,
Magic logs,Mythic,Item,,2033,,
Magic longbow,Rare,Item,,2034,,
Magic longbow (u),Rare,Item,,2035,,
Magic mix,Common,Item,,2036,,
Magic potion,Common,Item,,2037,,
Magic pyre logs,Rare,Item,,2038,,
Magic roots,Rare,Item,,2039,,
Magic sapling,Mythic,Item,,2040,,
Magic seed,Mythic,Item,,2041,,
Magic shield,Rare,Item,,2042,,
Magic shortbow,Rare,Item,,2043,,
Magic shortbow (u),Rare,Item,,2044,,
Magic shortbow scroll,Uncommon,Item,,2045,,
Magic staff,Common,Item,,2046,,
Magic stock,Rare,Item,,2047,,
Magic stone,Mythic,Item,,2048,,
Magic string,Rare,Item,,2049,,
Magpie impling jar,Rare,Item,,2050,,
Magus ring,Legendary,Item,,2051,,
Mahogany armchair (flatpack),Uncommon,Item,,2052,,
Mahogany armour case (flatpack),Uncommon,Item,,2053,,
Mahogany bench (flatpack),Uncommon,Item,,2054,,
Mahogany bird house,Uncommon,Item,,2055,,
Mahogany bookcase (flatpack),Uncommon,Item,,2056,,
Mahogany cape rack (flatpack),Uncommon,Item,,2057,,
Mahogany dresser (flatpack),Uncommon,Item,,2058,,
Mahogany fancy dress box (flatpack),Uncommon,Item,,2059,,
Mahogany hull parts,Uncommon,Item,,2060,,
Mahogany logs,Rare,Item,,2061,,
Mahogany magic wardrobe (flatpack),Rare,Item,,2062,,
Mahogany plank,Uncommon,Item,,2063,Jewel of Misthalin,
Mahogany pyre logs,Uncommon,Item,,2064,,
Mahogany repair kit,Uncommon,Item,,2065,,
Mahogany sapling,Rare,Item,,2066,,
Mahogany seed,Rare,Item,,2067,,
Mahogany stock,Uncommon,Item,,2068,,
Mahogany table (flatpack),Uncommon,Item,,2069,,
Mahogany toy box (flatpack),Uncommon,Item,,2070,,
Mahogany wardrobe (flatpack),Uncommon,Item,,2071,,
Malediction shard 1,Uncommon,Item,,2072,,
Malediction shard 2,Uncommon,Item,,2073,,
Malediction shard 3,Uncommon,Item,,2074,,
Malediction ward,Mythic,Item,,2075,,
Malicious ashes,Rare,Item,,2076,,
Manta ray,Mythic,Item,,2077,,
Maple bird house,Uncommon,Item,,2078,,
Maple blackjack,Rare,Item,,2079,,
Maple blackjack(d),Rare,Item,,2080,,
Maple blackjack(o),Rare,Item,,2081,,
Maple leaves,Common,Item,,2082,,
Maple logs,Uncommon,Item,,2083,,
Maple longbow,Uncommon,Item,,2084,,
Maple longbow (u),Uncommon,Item,,2085,,
Maple pyre logs,Common,Item,,2086,,
Maple roots,Common,Item,,2087,,
Maple sapling,Uncommon,Item,,2088,,
Maple seed,Uncommon,Item,,2089,,
Maple shield,Uncommon,Item,,2090,,
Maple shortbow,Uncommon,Item,,2091,,
Maple shortbow (u),Uncommon,Item,,2092,,
Maple stock,Uncommon,Item,,2093,,
Marble block,Rare,Item,,2094,,
Marble cape rack (flatpack),Rare,Item,,2095,,
Marble magic wardrobe (flatpack),Rare,Item,,2096,,
Marigold seed,Common,Item,,2097,Mages of the Shore,
Marigolds,Common,Item,,2098,,
Marlin,Legendary,Item,,2099,,
Marlin scales,Uncommon,Item,,2100,,
Marrentill,Common,Item,,2101,Humble Beginnings,
Marrentill potion (unf),Common,Item,,2102,,
Marrentill seed,Common,Item,,2103,,
Marrentill tar,Common,Item,,2104,,
Mask of ranul,Common,Item,,2105,,
Masori armour set (f),Legendary,Item,,2106,,
Masori body,Legendary,Item,,2107,,
Masori body (f),Legendary,Item,,2108,,
Masori chaps,Legendary,Item,,2109,,
Masori chaps (f),Legendary,Item,,2110,,
Masori mask,Legendary,Item,,2111,,
Masori mask (f),Legendary,Item,,2112,,
Master scroll book,Rare,Item,,2113,,
Master wand,Mythic,Item,,2114,,
Mature cider,Common,Item,,2115,,
Mature wmb,Common,Item,,2116,,
Meat pie,Uncommon,Item,,2117,,
Meat pizza,Rare,Item,,2118,,
Meat tenderiser,Rare,Item,,2119,,
Menaphite purple hat,Common,Item,,2120,,
Menaphite purple kilt,Common,Item,,2121,,
Menaphite purple robe,Common,Item,,2122,,
Menaphite purple top,Common,Item,,2123,,
Menaphite red hat,Common,Item,,2124,,
Menaphite red kilt,Common,Item,,2125,,
Menaphite red robe,Common,Item,,2126,,
Menaphite red top,Common,Item,,2127,,
Menaphite remedy,Mythic,Item,,2128,,
Merchant's paint,Common,Item,,2129,,
Merfolk trident,Common,Item,,2130,,
Metztonalli white,Common,Item,,2131,,
Minced meat,Common,Item,,2132,Mages of the Shore,
Mind altar teleport (tablet),Uncommon,Item,,2133,,
Mind bomb (keg),Common,Item,,2134,,
Mind bomb(m) (keg),Common,Item,,2135,,
Mind helmet,Common,Item,,2136,,
Mind rune,Common,Item,,2137,Humble Beginnings,
Mind rune pack,Common,Item,,2138,,
Mind shield,Common,Item,,2139,,
Mind talisman,Common,Item,,2140,Mages of the Shore,
Mind tiara,Common,Item,,2141,,
Mining helmet,Uncommon,Item,,2142,,
Mint cake,Common,Item,,2143,,
Mirror shield,Common,Item,,2144,Mages of the Shore,
Mist battlestaff,Uncommon,Item,,2145,,
Mist rune,Uncommon,Item,,2146,,
Mith grapple,Uncommon,Item,,2147,,
Mith grapple (unf),Common,Item,,2148,,
Mith grapple tip,Common,Item,,2149,,
Mithril 2h sword,Uncommon,Item,,2150,,
Mithril arrow,Uncommon,Item,,2151,Emir’s Dominion,
Mithril arrowtips,Uncommon,Item,,2152,Emir’s Dominion,
Mithril axe,Uncommon,Item,,2153,,
Mithril axe head,Uncommon,Item,,2154,,
Mithril bar,Uncommon,Item,,2155,Emir’s Dominion,
Mithril battleaxe,Uncommon,Item,,2156,Humble Beginnings,
Mithril bolts,Uncommon,Item,,2157,Mages of the Shore,
Mithril bolts (unf),Uncommon,Item,,2158,Mages of the Shore,
Mithril boots,Uncommon,Item,,2159,,
Mithril brutal,Uncommon,Item,,2160,,
Mithril cannonball,Uncommon,Item,,2161,,
Mithril chainbody,Uncommon,Item,,2162,,
Mithril claws,Uncommon,Item,,2163,The Concealed King,
Mithril crossbow,Uncommon,Item,,2164,,
Mithril crossbow (u),Uncommon,Item,,2165,,
Mithril dagger,Uncommon,Item,,2166,,
Mithril dart,Uncommon,Item,,2167,,
Mithril dart tip,Uncommon,Item,,2168,,
Mithril dragon mask,Common,Item,,2169,,
Mithril felling axe,Uncommon,Item,,2170,,
Mithril fire arrow,Uncommon,Item,,2171,,
Mithril full helm,Uncommon,Item,,2172,,
Mithril full helm (g),Uncommon,Item,,2173,,
Mithril full helm (t),Uncommon,Item,,2174,,
Mithril gold-trimmed set (lg),Uncommon,Item,,2175,,
Mithril gold-trimmed set (sk),Uncommon,Item,,2176,,
Mithril halberd,Uncommon,Item,,2177,,
Mithril hasta,Uncommon,Item,,2178,,
Mithril javelin,Uncommon,Item,,2179,,
Mithril javelin tips,Uncommon,Item,,2180,,
Mithril keel parts,Uncommon,Item,,2181,,
Mithril kiteshield,Uncommon,Item,,2182,,
Mithril kiteshield (g),Uncommon,Item,,2183,,
Mithril kiteshield (t),Uncommon,Item,,2184,,
Mithril knife,Uncommon,Item,,2185,,
Mithril limbs,Uncommon,Item,,2186,,
Mithril longsword,Uncommon,Item,,2187,,
Mithril mace,Uncommon,Item,,2188,,
Mithril med helm,Uncommon,Item,,2189,,
Mithril nails,Uncommon,Item,,2190,,
Mithril ore,Uncommon,Item,,2191,Emir’s Dominion,
Mithril pick head,Uncommon,Item,,2192,,
Mithril pickaxe,Uncommon,Item,,2193,,
Mithril platebody,Uncommon,Item,,2194,Emir’s Dominion,
Mithril platebody (g),Uncommon,Item,,2195,,
Mithril platebody (t),Uncommon,Item,,2196,,
Mithril platelegs,Uncommon,Item,,2197,Emir’s Dominion,
Mithril platelegs (g),Uncommon,Item,,2198,,
Mithril platelegs (t),Uncommon,Item,,2199,,
Mithril plateskirt,Uncommon,Item,,2200,Emir’s Dominion,
Mithril plateskirt (g),Uncommon,Item,,2201,,
Mithril plateskirt (t),Uncommon,Item,,2202,,
Mithril scimitar,Uncommon,Item,,2203,Emir’s Dominion,
Mithril seeds,Common,Item,,2204,,
Mithril set (lg),Uncommon,Item,,2205,,
Mithril set (sk),Uncommon,Item,,2206,,
Mithril spear,Uncommon,Item,,2207,,
Mithril sq shield,Uncommon,Item,,2208,,
Mithril sword,Uncommon,Item,,2209,Emir’s Dominion,
Mithril thrownaxe,Uncommon,Item,,2210,,
Mithril trimmed set (lg),Uncommon,Item,,2211,,
Mithril trimmed set (sk),Uncommon,Item,,2212,,
Mithril warhammer,Uncommon,Item,,2213,,
Mixed flowers,Common,Item,,2214,,
Mixed hide armour set,Uncommon,Item,,2215,,
Mixed hide base,Uncommon,Item,,2216,,
Mixed hide boots,Mythic,Item,,2217,,
Mixed hide cape,Mythic,Item,,2218,,
Mixed hide legs,Mythic,Item,,2219,,
Mixed hide top,Mythic,Item,,2220,,
Mixture - step 1,Common,Item,,2221,,
Mixture - step 2,Common,Item,,2222,,
Mokhaiotl waystone,Rare,Item,,2223,,
Mole claw,Uncommon,Item,,2224,,
Mole skin,Uncommon,Item,,2225,,
Mole slippers,Common,Item,,2226,,
Molten glass,Common,Item,,2227,,
Monk's robe,Common,Item,,2228,,
Monk's robe (g),Common,Item,,2229,,
Monk's robe (t),Common,Item,,2230,,
Monk's robe top,Common,Item,,2231,,
Monk's robe top (g),Common,Item,,2232,,
Monk's robe top (t),Common,Item,,2233,,
Monkey bar,Common,Item,,2234,,
Monkey bones,Common,Item,,2235,,
Monkey nuts,Common,Item,,2236,,
Monkey tail,Uncommon,Item,,2237,,
Monkfish,Rare,Item,,2238,,
Monocle,Common,Item,,2239,,
Moon-lite,Common,Item,,2240,,
Moonclan teleport (tablet),Uncommon,Item,,2241,,
Moonlight antelope antler,Uncommon,Item,,2242,,
Moonlight antelope fur,Uncommon,Item,,2243,,
Moonlight antler bolts,Rare,Item,,2244,,
Moonlight mead,Common,Item,,2245,,
Moonlight mead (keg),Common,Item,,2246,,
Moonlight mead (player-owned house),Common,Item,,2247,,
Moonlight mead(m),Common,Item,,2248,,
Moonlight mead(m) (keg),Common,Item,,2249,,
Moonlight moth (item),Common,Item,,2250,,
Moonlight moth mix,Uncommon,Item,,2251,,
Mort myre fungus,Common,Item,,2252,,
Mort myre pear,Common,Item,,2253,,
Mort myre stem,Common,Item,,2254,,
Mort'ton teleport,Uncommon,Item,,2255,,
Mos le'harmless teleport,Uncommon,Item,,2256,,
Mottled eel,Common,Item,,2257,,
Mud battlestaff,Uncommon,Item,,2258,,
Mud pie,Common,Item,,2259,,
Mud rune,Uncommon,Item,,2260,,
Muddy key,Common,Item,,2261,,
Mummy's body,Common,Item,,2262,,
Mummy's feet,Common,Item,,2263,,
Mummy's hands,Common,Item,,2264,,
Mummy's head,Common,Item,,2265,,
Mummy's legs,Common,Item,,2266,,
Mushroom,Common,Item,,2267,,
Mushroom & onion,Common,Item,,2268,,
Mushroom pie,Rare,Item,,2269,,
Mushroom potato,Mythic,Item,,2270,,
Mushroom spore,Rare,Item,,2271,,
Musketeer hat,Common,Item,,2272,,
Musketeer pants,Common,Item,,2273,,
Musketeer tabard,Common,Item,,2274,,
Myre snelm,Common,Item,,2275,,
Mystic air staff,Uncommon,Item,,2276,,
Mystic boots,Rare,Item,,2277,,
Mystic boots (dark),Rare,Item,,2278,,
Mystic boots (dusk),Rare,Item,,2279,,
Mystic boots (light),Rare,Item,,2280,,
Mystic dust staff,Rare,Item,,2281,,
Mystic earth staff,Uncommon,Item,,2282,,
Mystic fire staff,Uncommon,Item,,2283,,
Mystic gloves,Rare,Item,,2284,,
Mystic gloves (dark),Rare,Item,,2285,,
Mystic gloves (dusk),Rare,Item,,2286,,
Mystic gloves (light),Rare,Item,,2287,,
Mystic hat,Rare,Item,,2288,,
Mystic hat (dark),Rare,Item,,2289,,
Mystic hat (dusk),Rare,Item,,2290,,
Mystic hat (light),Rare,Item,,2291,,
Mystic lava staff,Rare,Item,,2292,,
Mystic mist staff,Rare,Item,,2293,,
Mystic mud staff,Rare,Item,,2294,,
Mystic robe bottom,Rare,Item,,2295,,
Mystic robe bottom (dark),Rare,Item,,2296,,
Mystic robe bottom (dusk),Rare,Item,,2297,,
Mystic robe bottom (light),Rare,Item,,2298,,
Mystic robe top,Rare,Item,,2299,,
Mystic robe top (dark),Rare,Item,,2300,,
Mystic robe top (dusk),Rare,Item,,2301,,
Mystic robe top (light),Rare,Item,,2302,,
Mystic smoke staff,Rare,Item,,2303,,
Mystic steam staff,Rare,Item,,2304,,
Mystic water staff,Uncommon,Item,,2305,,
Nail beast nails,Common,Item,,2306,,
Nardah teleport,Uncommon,Item,,2307,,
Narwhal horn,Rare,Item,,2308,,
Nasturtium seed,Uncommon,Item,,2309,,
Nasturtiums,Common,Item,,2310,,
Nature impling jar,Rare,Item,,2311,,
Nature offerings,Uncommon,Item,,2312,,
Nature rune,Uncommon,Item,,2313,Mages of the Shore,
Nature talisman,Uncommon,Item,,2314,,
Nature tiara,Uncommon,Item,,2315,,
Navy cavalier,Common,Item,,2316,,
Necklace mould,Common,Item,,2317,Emir’s Dominion,
Necklace of anguish,Legendary,Item,,2318,,
Necklace of faith,Uncommon,Item,,2319,,
Necklace of passage,Common,Item,,2320,,
Needle,Common,Item,,2321,Emir’s Dominion,
Neitiznot shield,Uncommon,Item,,2322,,
Newcomer map,Common,Item,,2323,Humble Beginnings,
Newspaper,Common,Item,,2324,,
Nice hedge (bagged),Common,Item,,2325,,
Nickel ore,Rare,Item,,2326,,
Nightmare staff,Legendary,Item,,2327,,
Nihil dust,Common,Item,,2328,,
Nihil horn,Mythic,Item,,2329,,
Nihil shard,Uncommon,Item,,2330,,
Ninja impling jar,Mythic,Item,,2331,,
Noose wand,Common,Item,,2332,,
Nose peg,Common,Item,,2333,Creatures of the Night,
Noxious halberd,Legendary,Item,,2334,,
Numulite,Common,Item,,2335,,
Nunchaku,Common,Item,,2336,,
Oak armchair (flatpack),Common,Item,,2337,,
Oak armour case (flatpack),Common,Item,,2338,,
Oak bed (flatpack),Common,Item,,2339,,
Oak bench (flatpack),Common,Item,,2340,,
Oak bird house,Common,Item,,2341,,
Oak blackjack(d),Common,Item,,2342,,
Oak blackjack(o),Common,Item,,2343,,
Oak bookcase (flatpack),Common,Item,,2344,,
Oak cape rack (flatpack),Common,Item,,2345,,
Oak chair (flatpack),Common,Item,,2346,,
Oak clock (flatpack),Common,Item,,2347,,
Oak dining table (flatpack),Common,Item,,2348,,
Oak drawers (flatpack),Common,Item,,2349,,
Oak dresser (flatpack),Common,Item,,2350,,
Oak fancy dress box (flatpack),Common,Item,,2351,,
Oak hull parts,Common,Item,,2352,,
Oak kitchen table (flatpack),Common,Item,,2353,,
Oak leaves,Common,Item,,2354,,
Oak lectern (flatpack),Common,Item,,2355,,
Oak logs,Common,Item,,2356,Humble Beginnings,
Oak longbow,Common,Item,,2357,Humble Beginnings,
Oak longbow (u),Common,Item,,2358,Humble Beginnings,
Oak magic wardrobe (flatpack),Common,Item,,2359,,
Oak plank,Common,Item,,2360,Jewel of Misthalin,
Oak pyre logs,Common,Item,,2361,,
Oak repair kit,Common,Item,,2362,,
Oak roots,Common,Item,,2363,,
Oak sapling,Common,Item,,2364,,
Oak shaving stand (flatpack),Common,Item,,2365,,
Oak shield,Common,Item,,2366,,
Oak shortbow,Common,Item,,2367,Humble Beginnings,
Oak shortbow (u),Common,Item,,2368,Humble Beginnings,
Oak stock,Common,Item,,2369,,
Oak telescope (flatpack),Common,Item,,2370,,
Oak toy box (flatpack),Common,Item,,2371,,
Oak treasure chest (flatpack),Common,Item,,2372,,
Oak wardrobe (flatpack),Common,Item,,2373,,
Oathplate chest,Legendary,Item,,2374,,
Oathplate helm,Legendary,Item,,2375,,
Oathplate legs,Legendary,Item,,2376,,
Oathplate shards,Rare,Item,,2377,,
Obsidian cape,Rare,Item,,2378,,
Obsidian cape (r),Rare,Item,,2379,,
Obsidian helmet,Mythic,Item,,2380,,
Obsidian platebody,Mythic,Item,,2381,,
Obsidian platelegs,Mythic,Item,,2382,,
Occult necklace,Mythic,Item,,2383,,
Occult ornament kit,Common,Item,,2384,,
Ochre snelm,Common,Item,,2385,,
Odium shard 1,Uncommon,Item,,2386,,
Odium shard 2,Uncommon,Item,,2387,,
Odium shard 3,Uncommon,Item,,2388,,
Odium ward,Mythic,Item,,2389,,
Ogre arrow,Common,Item,,2390,,
Ogre arrow shaft,Common,Item,,2391,,
Ogre coffin key,Common,Item,,2392,,
Oil lamp,Common,Item,,2393,,
Oil lantern,Common,Item,,2394,,
Oil lantern frame,Common,Item,,2395,The Concealed King,
Old demon mask,Common,Item,,2396,,
Old wool,Common,Item,,2397,,
Onion,Common,Item,,2398,Humble Beginnings,
Onion & tomato,Common,Item,,2399,Humble Beginnings,
Onion seed,Common,Item,,2400,Humble Beginnings,
Onions,Common,Item,,2401,,
Onyx,Mythic,Item,,2402,,
Onyx amulet,Mythic,Item,,2403,,
Onyx amulet (u),Mythic,Item,,2404,,
Onyx bolt tips,Mythic,Item,,2405,,
Onyx bolts,Mythic,Item,,2406,,
Onyx bolts (e),Mythic,Item,,2407,,
Onyx bracelet,Mythic,Item,,2408,,
Onyx dragon bolts,Mythic,Item,,2409,,
Onyx dragon bolts (e),Mythic,Item,,2410,,
Onyx necklace,Mythic,Item,,2411,,
Onyx ring,Mythic,Item,,2412,,
Opal,Common,Item,,2413,,
Opal amulet,Common,Item,,2414,,
Opal amulet (u),Common,Item,,2415,,
Opal bolt tips,Common,Item,,2416,,
Opal bolts,Common,Item,,2417,,
Opal bolts (e),Common,Item,,2418,,
Opal bracelet,Common,Item,,2419,,
Opal dragon bolts,Mythic,Item,,2420,,
Opal dragon bolts (e),Mythic,Item,,2421,,
Opal machete,Common,Item,,2422,,
Opal necklace,Common,Item,,2423,,
Opal ring,Common,Item,,2424,,
Opulent table (flatpack),Rare,Item,,2425,,
Orange,Common,Item,,2426,,
Orange boater,Common,Item,,2427,,
Orange cape,Common,Item,,2428,,
Orange chunks,Common,Item,,2429,,
Orange dye,Common,Item,,2430,Mages of the Shore,
Orange feather,Common,Item,,2431,,
Orange flowers,Common,Item,,2432,,
Orange salamander,Rare,Item,,2433,,
Orange sapling,Common,Item,,2434,,
Orange slices,Common,Item,,2435,,
Orange tree seed,Common,Item,,2436,,
Oranges,Common,Item,,2437,,
Ornate maul handle,Rare,Item,,2438,,
Osmumten's fang,Legendary,Item,,2439,,
Ourania teleport (tablet),Rare,Item,,2440,,
Ourg bones,Legendary,Item,,2441,,
Oyster,Common,Item,,2442,,
Oyster pearl,Common,Item,,2443,,
Oyster pearls,Common,Item,,2444,,
Paddewwa teleport (tablet),Common,Item,,2445,,
Palm sapling,Mythic,Item,,2446,,
Palm tree seed,Rare,Item,,2447,,
Pantaloons,Common,Item,,2448,,
Papaya fruit,Common,Item,,2449,,
Papaya sapling,Rare,Item,,2450,,
Papaya tree seed,Uncommon,Item,,2451,,
Papyrus,Common,Item,,2452,,
Partyhat & specs,Common,Item,,2453,,
Pastry dough,Common,Item,,2454,,
Pat of butter,Common,Item,,2455,,
Peaceful blessing,Uncommon,Item,,2456,,
Peaceful handegg,Common,Item,,2457,,
Pearl bolt tips,Common,Item,,2458,,
Pearl bolts,Common,Item,,2459,,
Pearl bolts (e),Common,Item,,2460,,
Pearl dragon bolts,Mythic,Item,,2461,,
Pearl dragon bolts (e),Mythic,Item,,2462,,
Pegasian boots,Legendary,Item,,2463,,
Pegasian crystal,Rare,Item,,2464,,
Penguin mask,Common,Item,,2465,,
Perfected quetzal whistle blueprint,Uncommon,Item,,2466,,
Pest control teleport,Uncommon,Item,,2467,,
Pestle and mortar,Common,Item,,2468,,
Pharaoh's sceptre,Rare,Item,,2469,,
Phoenix necklace,Rare,Item,,2470,,
Pie dish,Common,Item,,2471,,
Pie recipe book,Common,Item,,2472,,
Pie shell,Common,Item,,2473,,
Pike,Uncommon,Item,,2474,,
Pile of salt,Common,Item,,2475,,
Pillar coral,Uncommon,Item,,2476,,
Pillar frag,Rare,Item,,2477,,
Pillar potion (unf),Common,Item,,2478,,
Pineapple,Common,Item,,2479,,
Pineapple chunks,Common,Item,,2480,,
Pineapple pizza,Rare,Item,,2481,,
Pineapple punch,Common,Item,,2482,,
Pineapple ring,Common,Item,,2483,,
Pineapple sapling,Rare,Item,,2484,,
Pineapple seed,Common,Item,,2485,,
Pink boater,Common,Item,,2486,,
Pink boots,Common,Item,,2487,,
Pink cape,Common,Item,,2488,,
Pink elegant blouse,Common,Item,,2489,,
Pink elegant legs,Common,Item,,2490,,
Pink elegant shirt,Common,Item,,2491,,
Pink elegant skirt,Common,Item,,2492,,
Pink hat,Common,Item,,2493,,
Pink headband,Common,Item,,2494,,
Pink robe bottoms,Common,Item,,2495,,
Pink robe top,Common,Item,,2496,,
Pink skirt,Common,Item,,2497,,
Pirate bandana (blue),Common,Item,,2498,,
Pirate bandana (brown),Common,Item,,2499,,
Pirate bandana (red),Common,Item,,2500,,
Pirate bandana (white),Common,Item,,2501,,
Pirate boots,Common,Item,,2502,,
Pirate hat & patch,Common,Item,,2503,,
Pirate leggings (beige),Common,Item,,2504,,
Pirate leggings (blue),Common,Item,,2505,,
Pirate leggings (brown),Common,Item,,2506,,
Pirate leggings (red),Common,Item,,2507,,
Pirate's hat,Common,Item,,2508,,
Pirate's hook,Common,Item,,2509,,
Piscarilius banner,Common,Item,,2510,,
Piscarilius hood,Common,Item,,2511,,
Piscarilius scarf,Common,Item,,2512,,
Piscatoris teleport,Uncommon,Item,,2513,,
Pith helmet,Common,Item,,2514,,
Pitta bread,Common,Item,,2515,,
Pitta dough,Common,Item,,2516,,
Pizza base,Common,Item,,2517,,
Plain pizza,Uncommon,Item,,2518,,
Plain satchel,Common,Item,,2519,,
Plank,Common,Item,,2520,Jewel of Misthalin,
Plant cure,Common,Item,,2521,,
Plant pot pack,Common,Item,,2522,,
Pointed blood'n'tar snelm,Common,Item,,2523,,
Pointed bruise blue snelm,Common,Item,,2524,,
Pointed myre snelm,Common,Item,,2525,,
Pointed ochre snelm,Common,Item,,2526,,
Poison (item),Common,Item,,2527,,
Poison chalice,Common,Item,,2528,,
Poison ivy berries,Uncommon,Item,,2529,,
Poison ivy seed,Rare,Item,,2530,,
Polar camo legs,Uncommon,Item,,2531,,
Polar camo top,Uncommon,Item,,2532,,
Polar kebbit fur,Common,Item,,2533,,
Polished buttons,Common,Item,,2534,,
Pot,Common,Item,,2535,Humble Beginnings,
Pot lid,Common,Item,,2536,,
Pot of cornflour,Common,Item,,2537,,
Pot of cream,Common,Item,,2538,,
Pot of flour,Common,Item,,2539,Humble Beginnings,
Pot of tea (clay),Common,Item,,2540,,
Pot of tea (porcelain),Common,Item,,2541,,
Potato,Common,Item,,2542,Humble Beginnings,
Potato cactus,Uncommon,Item,,2543,,
Potato cactus seed,Uncommon,Item,,2544,,
Potato seed,Common,Item,,2545,Humble Beginnings,
Potato with butter,Uncommon,Item,,2546,,
Potato with cheese,Rare,Item,,2547,,
Potatoes,Common,Item,,2548,,
Prayer mix,Uncommon,Item,,2549,,
Prayer potion,Rare,Item,,2550,,
Prayer regeneration potion,Rare,Item,,2551,,
Pre-nature amulet,Common,Item,,2552,,
Premade blurb' sp.,Common,Item,,2553,,
Premade c+t batta,Common,Item,,2554,,
Premade ch' crunch,Common,Item,,2555,,
Premade choc bomb,Common,Item,,2556,,
Premade choc s'dy,Common,Item,,2557,,
Premade dr' dragon,Common,Item,,2558,,
Premade fr' blast,Common,Item,,2559,,
Premade fr't batta,Common,Item,,2560,,
Premade p' punch,Common,Item,,2561,,
Premade s'y crunch,Common,Item,,2562,,
Premade sgg,Common,Item,,2563,,
Premade t'd batta,Common,Item,,2564,,
Premade t'd crunch,Common,Item,,2565,,
Premade ttl,Common,Item,,2566,,
Premade veg ball,Common,Item,,2567,,
Premade veg batta,Common,Item,,2568,,
Premade w'm batta,Common,Item,,2569,,
Premade w'm crun',Common,Item,,2570,,
Premade wiz blz'd,Common,Item,,2571,,
Premade worm hole,Common,Item,,2572,,
Priest gown (bottom),Common,Item,,2573,,
Priest gown (top),Common,Item,,2574,,
Prifddinas' history,Common,Item,,2575,,
Primordial boots,Legendary,Item,,2576,,
Primordial crystal,Rare,Item,,2577,,
Proboscis,Common,Item,,2578,,
Proselyte cuisse,Rare,Item,,2579,,
Proselyte hauberk,Rare,Item,,2580,,
Proselyte sallet,Rare,Item,,2581,,
Proselyte tasset,Rare,Item,,2582,,
Pugel,Common,Item,,2583,,
Pumpkin,Common,Item,,2584,,
Pure essence,Common,Item,,2585,,
Purple boater,Common,Item,,2586,,
Purple boots,Common,Item,,2587,,
Purple cape,Common,Item,,2588,,
Purple dye,Common,Item,,2589,Mages of the Shore,
Purple elegant blouse,Common,Item,,2590,,
Purple elegant legs,Common,Item,,2591,,
Purple elegant shirt,Common,Item,,2592,,
Purple elegant skirt,Common,Item,,2593,,
Purple firelighter,Common,Item,,2594,,
Purple flowers,Common,Item,,2595,,
Purple gloves,Common,Item,,2596,,
Purple hat,Common,Item,,2597,,
Purple partyhat,Common,Item,,2598,,
Purple robe bottoms,Common,Item,,2599,,
Purple robe top,Common,Item,,2600,,
Purple sweets,Uncommon,Item,,2601,,
Pyre logs,Common,Item,,2602,,
Pyrophosphite,Common,Item,,2603,,
Quetzal feed,Uncommon,Item,,2604,,
Rabbit foot,Common,Item,,2605,,
Rabbit snare,Common,Item,,2606,,
Radiant pearl,Rare,Item,,2607,,
Rain bow,Common,Item,,2608,,
Rainbow crab,Uncommon,Item,,2609,,
Rainbow crab meat,Rare,Item,,2610,,
Rainbow crab paste,Rare,Item,,2611,,
Rainbow fish,Uncommon,Item,,2612,,
Rake,Common,Item,,2613,Humble Beginnings,
Ranarr potion (unf),Uncommon,Item,,2614,,
Ranarr seed,Mythic,Item,,2615,,
Ranarr weed,Rare,Item,,2616,Mages of the Shore,
Ranger boots,Rare,Item,,2617,,
Ranger gloves,Rare,Item,,2618,,
Rangers' tights,Rare,Item,,2619,,
Rangers' tunic,Rare,Item,,2620,,
Ranging mix,Common,Item,,2621,,
Ranging potion,Common,Item,,2622,,
Raurg bones,Rare,Item,,2623,,
Raw admiral pie,Uncommon,Item,,2624,,
Raw anchovies,Common,Item,,2625,,
Raw anglerfish,Rare,Item,,2626,,
Raw barb-tailed kebbit,Common,Item,,2627,,
Raw bass,Common,Item,,2628,,
Raw bear meat,Common,Item,,2629,,
Raw beast meat,Common,Item,,2630,,
Raw beef,Common,Item,,2631,Humble Beginnings,
Raw beef (undead),Common,Item,,2632,,
Raw bird meat,Common,Item,,2633,,
Raw blue crab meat,Common,Item,,2634,,
Raw bluefin,Rare,Item,,2635,,
Raw boar meat,Common,Item,,2636,,
Raw cave eel,Common,Item,,2637,,
Raw chicken,Common,Item,,2638,Humble Beginnings,
Raw chicken (undead),Common,Item,,2639,,
Raw chompy,Common,Item,,2640,,
Raw cod,Common,Item,,2641,,
Raw crunchies,Common,Item,,2642,,
Raw dark crab,Rare,Item,,2643,,
Raw dashing kebbit,Common,Item,,2644,,
Raw fish pie,Common,Item,,2645,,
Raw garden pie,Common,Item,,2646,,
Raw giant krill,Common,Item,,2647,,
Raw graahk,Common,Item,,2648,,
Raw haddock,Common,Item,,2649,,
Raw halibut,Common,Item,,2650,,
Raw herring,Common,Item,,2651,,
Raw jubbly,Common,Item,,2652,,
Raw jumbo squid,Common,Item,,2653,,
Raw karambwan,Common,Item,,2654,,
Raw kyatt,Common,Item,,2655,,
Raw larupia,Common,Item,,2656,,
Raw lobster,Common,Item,,2657,,
Raw mackerel,Common,Item,,2658,,
Raw manta ray,Rare,Item,,2659,,
Raw marlin,Rare,Item,,2660,,
Raw monkfish,Rare,Item,,2661,,
Raw moonlight antelope,Common,Item,,2662,,
Raw mud pie,Common,Item,,2663,,
Raw mystery meat,Common,Item,,2664,,
Raw oomlie,Common,Item,,2665,,
Raw pike,Common,Item,,2666,,
Raw pyre fox,Common,Item,,2667,,
Raw rabbit,Common,Item,,2668,,
Raw rainbow crab meat,Common,Item,,2669,,
Raw rainbow fish,Common,Item,,2670,,
Raw rat meat,Common,Item,,2671,,
Raw red crab meat,Common,Item,,2672,,
Raw salmon,Common,Item,,2673,,
Raw sardine,Common,Item,,2674,,
Raw sea turtle,Rare,Item,,2675,,
Raw seal meat,Common,Item,,2676,,
Raw shark,Common,Item,,2677,,
Raw shrimps,Common,Item,,2678,Humble Beginnings,
Raw slimy eel,Common,Item,,2679,,
Raw summer pie,Common,Item,,2680,,
Raw sunlight antelope,Common,Item,,2681,,
Raw swamp paste,Common,Item,,2682,,
Raw swordfish,Common,Item,,2683,,
Raw swordtip squid,Common,Item,,2684,,
Raw tailfin,Common,Item,,2685,,
Raw talbora,Common,Item,,2686,,
Raw trout,Common,Item,,2687,,
Raw tuna,Common,Item,,2688,,
Raw ugthanki meat,Common,Item,,2689,,
Raw wild kebbit,Common,Item,,2690,,
Raw wild pie,Common,Item,,2691,,
Raw yak meat,Common,Item,,2692,,
Raw yellowfin,Common,Item,,2693,,
Ray barbs,Rare,Item,,2694,,
Red bead,Common,Item,,2695,Mages of the Shore,
Red beret,Common,Item,,2696,,
Red boater,Common,Item,,2697,,
Red boots,Common,Item,,2698,,
Red cape,Common,Item,,2699,,
Red cavalier,Common,Item,,2700,,
Red chinchompa,Rare,Item,,2701,,
Red crab,Common,Item,,2702,,
Red crab meat,Common,Item,,2703,,
Red d'hide body,Mythic,Item,,2704,,
Red d'hide body (g),Mythic,Item,,2705,,
Red d'hide body (t),Mythic,Item,,2706,,
Red d'hide chaps,Mythic,Item,,2707,,
Red d'hide chaps (g),Mythic,Item,,2708,,
Red d'hide chaps (t),Mythic,Item,,2709,,
Red d'hide shield,Mythic,Item,,2710,,
Red d'hide vambraces,Mythic,Item,,2711,,
Red dragon leather,Mythic,Item,,2712,,
Red dragon mask,Common,Item,,2713,,
Red dragonhide,Uncommon,Item,,2714,,
Red dye,Common,Item,,2715,Mages of the Shore,
Red elegant blouse,Common,Item,,2716,,
Red elegant legs,Common,Item,,2717,,
Red elegant shirt,Common,Item,,2718,,
Red elegant skirt,Common,Item,,2719,,
Red feather,Common,Item,,2720,,
Red firelighter,Common,Item,,2721,,
Red flowers,Common,Item,,2722,,
Red gloves,Common,Item,,2723,,
Red halloween mask,Common,Item,,2724,,
Red hat,Common,Item,,2725,,
Red headband,Common,Item,,2726,,
Red partyhat,Common,Item,,2727,,
Red robe bottoms,Common,Item,,2728,,
Red robe top,Common,Item,,2729,,
Red salamander,Common,Item,,2730,,
Red satchel,Common,Item,,2731,,
Red spiders' eggs,Uncommon,Item,,2732,,
Red spiky vambraces,Mythic,Item,,2733,,
Red topaz,Common,Item,,2734,,
Red topaz machete,Common,Item,,2735,,
Redberries,Common,Item,,2736,,
Redberry pie,Common,Item,,2737,,
Redberry seed,Common,Item,,2738,,
Redwood bird house,Legendary,Item,,2739,,
Redwood hiking staff,Legendary,Item,,2740,,
Redwood logs,Legendary,Item,,2741,,
Redwood pyre logs,Rare,Item,,2742,,
Redwood sapling,Legendary,Item,,2743,,
Redwood shield,Rare,Item,,2744,,
Redwood tree seed,Mythic,Item,,2745,,
Regen bracelet,Mythic,Item,,2746,,
Relicym's balm,Uncommon,Item,,2747,,
Relicym's mix,Common,Item,,2748,,
Repair kit,Common,Item,,2749,,
Restore mix,Common,Item,,2750,,
Restore potion,Uncommon,Item,,2751,,
Revenant cave teleport,Rare,Item,,2752,,
Revenant ether,Uncommon,Item,,2753,,
Ribcage piece,Uncommon,Item,,2754,,
Right eye patch,Common,Item,,2755,,
Ring mould,Common,Item,,2756,Emir’s Dominion,
Ring of 3rd age,Common,Item,,2757,,
Ring of coins,Common,Item,,2758,,
Ring of dueling,Uncommon,Item,,2759,,
Ring of endurance,Mythic,Item,,2760,,
Ring of forging,Common,Item,,2761,,
Ring of life,Uncommon,Item,,2762,,
Ring of nature,Common,Item,,2763,,
Ring of pursuit,Uncommon,Item,,2764,,
Ring of recoil,Uncommon,Item,,2765,,
Ring of returning,Common,Item,,2766,,
Ring of stone,Common,Item,,2767,,
Ring of suffering,Legendary,Item,,2768,,
Ring of the elements,Rare,Item,,2769,,
Ring of the gods,Legendary,Item,,2770,,
Ring of wealth,Uncommon,Item,,2771,,
Ring of wealth scroll,Uncommon,Item,,2772,,
Ritual mulch,Uncommon,Item,,2773,,
Roast beast meat,Uncommon,Item,,2774,,
Roast bird meat,Common,Item,,2775,,
Roast rabbit,Common,Item,,2776,,
Robe bottom of darkness,Rare,Item,,2777,,
Robe top of darkness,Rare,Item,,2778,,
Robin hood hat,Rare,Item,,2779,,
Rock (limestone),Common,Item,,2780,,
Rock hammer,Common,Item,,2781,Creatures of the Night,
Rock thrownhammer,Uncommon,Item,,2782,Creatures of the Night,
Rock-shell boots,Uncommon,Item,,2783,,
Rock-shell chunk,Common,Item,,2784,,
Rock-shell gloves,Uncommon,Item,,2785,,
Rock-shell helm,Rare,Item,,2786,,
Rock-shell legs,Rare,Item,,2787,,
Rock-shell plate,Rare,Item,,2788,,
Rock-shell shard,Common,Item,,2789,,
Rock-shell splinter,Common,Item,,2790,,
Rocking chair (flatpack),Common,Item,,2791,,
Roe,Common,Item,,2792,,
Rolling pin,Uncommon,Item,,2793,,
Rope,Common,Item,,2794,Humble Beginnings,
Rosemary,Common,Item,,2795,,
Rosemary seed,Common,Item,,2796,Mages of the Shore,
Rosewood blowpipe,Mythic,Item,,2797,,
Rosewood hull parts,Mythic,Item,,2798,,
Rosewood logs,Legendary,Item,,2799,,
Rosewood plank,Mythic,Item,,2800,,
Rosewood pyre logs,Rare,Item,,2801,,
Rosewood repair kit,Rare,Item,,2802,,
Rosewood sapling,Legendary,Item,,2803,,
Rosewood seed,Rare,Item,,2804,,
Rotten food,Common,Item,,2805,,
Rotten tomato,Common,Item,,2806,,
Royal crown,Common,Item,,2807,,
Royal gown bottom,Common,Item,,2808,,
Royal gown top,Common,Item,,2809,,
Royal sceptre,Common,Item,,2810,,
Ruby,Uncommon,Item,,2811,Emir’s Dominion,
Ruby amulet,Uncommon,Item,,2812,Emir’s Dominion,
Ruby amulet (u),Uncommon,Item,,2813,Emir’s Dominion,
Ruby bolt tips,Uncommon,Item,,2814,Emir’s Dominion,
Ruby bolts,Rare,Item,,2815,,
Ruby bolts (e),Rare,Item,,2816,,
Ruby bracelet,Uncommon,Item,,2817,Emir’s Dominion,
Ruby dragon bolts,Mythic,Item,,2818,,
Ruby dragon bolts (e),Mythic,Item,,2819,,
Ruby harvest (item),Common,Item,,2820,,
Ruby harvest mix,Common,Item,,2821,,
Ruby necklace,Uncommon,Item,,2822,Emir’s Dominion,
Ruby ring,Uncommon,Item,,2823,Emir’s Dominion,
Rum,Common,Item,,2824,,
Rune 2h sword,Rare,Item,,2825,,
Rune arrow,Rare,Item,,2826,,
Rune arrow pack,Rare,Item,,2827,,
Rune arrowtips,Uncommon,Item,,2828,,
Rune axe,Rare,Item,,2829,,
Rune battleaxe,Rare,Item,,2830,,
Rune boots,Rare,Item,,2831,,
Rune brutal,Rare,Item,,2832,,
Rune cane,Rare,Item,,2833,,
Rune cannonball,Rare,Item,,2834,,
Rune chainbody,Rare,Item,,2835,,
Rune claws,Rare,Item,,2836,The Concealed King,
Rune crossbow,Rare,Item,,2837,,
Rune dagger,Rare,Item,,2838,,
Rune dart,Rare,Item,,2839,,
Rune dart tip,Uncommon,Item,,2840,,
Rune defender ornament kit,Common,Item,,2841,,
Rune dragon mask,Common,Item,,2842,,
Rune essence,Common,Item,,2843,,
Rune felling axe,Rare,Item,,2844,,
Rune fire arrow,Uncommon,Item,,2845,,
Rune full helm,Rare,Item,,2846,,
Rune full helm (g),Rare,Item,,2847,,
Rune full helm (t),Rare,Item,,2848,,
Rune halberd,Rare,Item,,2849,,
Rune hasta,Rare,Item,,2850,,
Rune helm (h1),Rare,Item,,2851,,
Rune helm (h2),Rare,Item,,2852,,
Rune helm (h3),Rare,Item,,2853,,
Rune helm (h4),Rare,Item,,2854,,
Rune helm (h5),Rare,Item,,2855,,
Rune javelin,Rare,Item,,2856,,
Rune javelin tips,Rare,Item,,2857,,
Rune keel parts,Rare,Item,,2858,,
Rune kiteshield,Rare,Item,,2859,,
Rune kiteshield (g),Rare,Item,,2860,,
Rune kiteshield (t),Rare,Item,,2861,,
Rune knife,Rare,Item,,2862,,
Rune longsword,Rare,Item,,2863,,
Rune mace,Rare,Item,,2864,,
Rune med helm,Rare,Item,,2865,,
Rune nails,Rare,Item,,2866,,
Rune pickaxe,Rare,Item,,2867,,
Rune platebody,Rare,Item,,2868,,
Rune platebody (g),Rare,Item,,2869,,
Rune platebody (h1),Rare,Item,,2870,,
Rune platebody (h2),Rare,Item,,2871,,
Rune platebody (h3),Rare,Item,,2872,,
Rune platebody (h4),Rare,Item,,2873,,
Rune platebody (h5),Rare,Item,,2874,,
Rune platebody (t),Rare,Item,,2875,,
Rune platelegs,Rare,Item,,2876,,
Rune platelegs (g),Rare,Item,,2877,,
Rune platelegs (t),Rare,Item,,2878,,
Rune plateskirt,Rare,Item,,2879,,
Rune plateskirt (g),Rare,Item,,2880,,
Rune plateskirt (t),Rare,Item,,2881,,
Rune pouch note,Mythic,Item,,2882,,
Rune satchel,Common,Item,,2883,,
Rune scimitar,Rare,Item,,2884,,
Rune scimitar ornament kit (guthix),Common,Item,,2885,,
Rune scimitar ornament kit (saradomin),Common,Item,,2886,,
Rune scimitar ornament kit (zamorak),Common,Item,,2887,,
Rune shield (h1),Rare,Item,,2888,,
Rune shield (h2),Rare,Item,,2889,,
Rune shield (h3),Rare,Item,,2890,,
Rune shield (h4),Rare,Item,,2891,,
Rune shield (h5),Rare,Item,,2892,,
Rune spear,Rare,Item,,2893,,
Rune sq shield,Rare,Item,,2894,,
Rune sword,Rare,Item,,2895,,
Rune thrownaxe,Rare,Item,,2896,,
Rune warhammer,Rare,Item,,2897,,
Runescroll of bloodbark,Uncommon,Item,,2898,,
Runescroll of swampbark,Uncommon,Item,,2899,,
Runite bar,Rare,Item,,2900,,
Runite bolts,Rare,Item,,2901,,
Runite bolts (unf),Uncommon,Item,,2902,,
Runite crossbow (u),Uncommon,Item,,2903,,
Runite limbs,Uncommon,Item,,2904,,
Runite ore,Rare,Item,,2905,,
Sack pack,Common,Item,,2906,,
Sagacious spectacles,Common,Item,,2907,,
Sailor's mirage,Common,Item,,2908,,
Salmon,Uncommon,Item,,2909,,
Saltpetre,Common,Item,,2910,,
Salve graveyard teleport (tablet),Uncommon,Item,,2911,,
Salvor's paint,Common,Item,,2912,,
Sample bottle,Common,Item,,2913,,
Samurai boots,Rare,Item,,2914,,
Samurai gloves,Rare,Item,,2915,,
Samurai greaves,Rare,Item,,2916,,
Samurai kasa,Rare,Item,,2917,,
Samurai shirt,Rare,Item,,2918,,
Sandstone,Common,Item,,2919,,
Sandwich lady bottom,Common,Item,,2920,,
Sandwich lady hat,Common,Item,,2921,,
Sandwich lady top,Common,Item,,2922,,
Sandworms,Common,Item,,2923,,
Sandworms pack,Common,Item,,2924,,
Sanfew serum,Rare,Item,,2925,,
Sanguinesti staff,Legendary,Item,,2926,,
Santa hat,Common,Item,,2927,,
Sapphire,Common,Item,,2928,,
Sapphire amulet,Common,Item,,2929,,
Sapphire amulet (u),Common,Item,,2930,,
Sapphire bolt tips,Common,Item,,2931,,
Sapphire bolts,Uncommon,Item,,2932,,
Sapphire bolts (e),Uncommon,Item,,2933,,
Sapphire bracelet,Common,Item,,2934,Emir’s Dominion,
Sapphire dragon bolts,Mythic,Item,,2935,Emir’s Dominion,
Sapphire dragon bolts (e),Mythic,Item,,2936,Emir’s Dominion,
Sapphire glacialis (item),Uncommon,Item,,2937,Emir’s Dominion,
Sapphire glacialis mix,Uncommon,Item,,2938,Emir’s Dominion,
Sapphire necklace,Common,Item,,2939,,
Sapphire ring,Common,Item,,2940,Emir’s Dominion,
Sarachnis cudgel,Mythic,Item,,2941,,
Saradomin bracers,Mythic,Item,,2942,,
Saradomin brew,Legendary,Item,,2943,,
Saradomin chaps,Mythic,Item,,2944,,
Saradomin cloak,Uncommon,Item,,2945,Emir’s Dominion,
Saradomin coif,Mythic,Item,,2946,Emir’s Dominion,
Saradomin crozier,Uncommon,Item,,2947,,
Saradomin d'hide body,Mythic,Item,,2948,,
Saradomin d'hide boots,Mythic,Item,,2949,,
Saradomin d'hide shield,Mythic,Item,,2950,,
Saradomin full helm,Rare,Item,,2951,,
Saradomin godsword,Legendary,Item,,2952,,
Saradomin godsword ornament kit,Common,Item,,2953,,
Saradomin hilt,Rare,Item,,2954,,
Saradomin kiteshield,Rare,Item,,2955,,
Saradomin mitre,Uncommon,Item,,2956,,
Saradomin mjolnir,Uncommon,Item,,2957,,
Saradomin page 1,Uncommon,Item,,2958,,
Saradomin page 2,Uncommon,Item,,2959,,
Saradomin page 3,Uncommon,Item,,2960,,
Saradomin page 4,Uncommon,Item,,2961,,
Saradomin platebody,Rare,Item,,2962,,
Saradomin platelegs,Rare,Item,,2963,,
Saradomin plateskirt,Rare,Item,,2964,,
Saradomin robe legs,Uncommon,Item,,2965,,
Saradomin robe top,Uncommon,Item,,2966,,
Saradomin stole,Uncommon,Item,,2967,,
Saradomin sword,Mythic,Item,,2968,,
Saradomin's light,Uncommon,Item,,2969,,
Saradomin's tear,Rare,Item,,2970,,
Sardine,Common,Item,,2971,,
Saturated heart,Legendary,Item,,2972,,
Saw,Common,Item,,2973,Jewel of Misthalin,
Sawmill voucher,Common,Item,,2974,,
Scaly blue dragonhide,Rare,Item,,2975,,
Scrambled egg,Common,Item,,2976,Humble Beginnings,
Scythe of vitur,Legendary,Item,,2977,Shadows Over Hallowvale,
Sea turtle,Mythic,Item,,2978,,
Searing page,Rare,Item,,2979,,
Seasoned sardine,Common,Item,,2980,,
Seaweed,Common,Item,,2981,,
Seaweed spore,Uncommon,Item,,2982,,
Secateurs,Common,Item,,2983,Humble Beginnings,
Secateurs attachment,Common,Item,,2984,,
Secateurs blade,Common,Item,,2985,,
Security book,Common,Item,,2986,Humble Beginnings,
Seed dibber,Common,Item,,2987,Humble Beginnings,
Seercull,Rare,Item,,2988,,
Seers icon,Uncommon,Item,,2989,,
Seers ring,Mythic,Item,,2990,,
Senntisten teleport (tablet),Uncommon,Item,,2991,,
Serpentine helm,Mythic,Item,,2992,,
Serpentine visage,Uncommon,Item,,2993,,
Serum 207,Common,Item,,2994,,
Shade robe,Common,Item,,2995,,
Shade robe top,Common,Item,,2996,,
Shaikahan bones,Common,Item,,2997,,
Shaman mask,Common,Item,,2998,,
Shantay pass (item),Common,Item,,2999,,
Shark,Mythic,Item,,3000,,
Shark lure,Common,Item,,3001,,
Shark paint,Common,Item,,3002,,
Shaving stand (flatpack),Common,Item,,3003,,
Shayzien banner,Common,Item,,3004,,
Shayzien hood,Common,Item,,3005,,
Shayzien scarf,Common,Item,,3006,,
Shears,Common,Item,,3007,Humble Beginnings,
Shield left half,Uncommon,Item,,3008,,
Shield right half,Uncommon,Item,,3009,,
Shimmering pearl,Rare,Item,,3010,,
Shiny pearl,Uncommon,Item,,3011,,
Ship ticket,Common,Item,,3012,,
Shirt (brown),Common,Item,,3013,,
Shirt (lilac),Common,Item,,3014,,
Shirt (yellow),Common,Item,,3015,,
Shoe box (flatpack),Common,Item,,3016,,
Short green guy,Common,Item,,3017,,
Shortbow,Common,Item,,3018,Humble Beginnings,
Shortbow (u),Common,Item,,3019,Humble Beginnings,
Shorts (blue),Common,Item,,3020,,
Shorts (brown),Common,Item,,3021,,
Shorts (yellow),Common,Item,,3022,,
Shoulder parrot,Common,Item,,3023,,
Shrimps,Common,Item,,3024,Humble Beginnings,
Shrunk ogleroot,Common,Item,,3025,,
Sickle mould,Common,Item,,3026,Emir’s Dominion,
Silk,Common,Item,,3027,Emir’s Dominion,
Silver bar,Uncommon,Item,,3028,Emir’s Dominion,
Silver bolts,Uncommon,Item,,3029,Emir’s Dominion,
Silver bolts (unf),Common,Item,,3030,Emir’s Dominion,
Silver dust,Common,Item,,3031,,
Silver locks,Uncommon,Item,,3032,,
Silver ore,Uncommon,Item,,3033,Emir’s Dominion,
Silver sickle,Uncommon,Item,,3034,Creatures of the Night,
Sinew,Common,Item,,3035,Humble Beginnings,
Sinister key,Rare,Item,,3036,,
Skeletal boots,Uncommon,Item,,3037,,
Skeletal bottoms,Rare,Item,,3038,,
Skeletal gloves,Uncommon,Item,,3039,,
Skeletal helm,Rare,Item,,3040,,
Skeletal top,Rare,Item,,3041,,
Skeletal visage,Rare,Item,,3042,,
Skewer,Common,Item,,3043,,
Skewer stick,Common,Item,,3044,,
Skewered beast,Common,Item,,3045,,
Skewered bird meat,Common,Item,,3046,,
Skewered chompy,Common,Item,,3047,,
Skewered rabbit,Common,Item,,3048,,
Skills necklace,Mythic,Item,,3049,,
Skirt (blue),Common,Item,,3050,,
Skirt (brown),Common,Item,,3051,,
Skirt (lilac),Common,Item,,3052,,
Skull of vet'ion,Rare,Item,,3053,,
Skull piece,Uncommon,Item,,3054,,
Slayer bell,Common,Item,,3055,Mages of the Shore,
Slayer's enchantment,Common,Item,,3056,,
Slayer's respite,Common,Item,,3057,,
Slayer's respite (keg),Common,Item,,3058,,
Slayer's respite(m),Common,Item,,3059,,
Slayer's respite(m) (keg),Common,Item,,3060,,
Slayer's staff,Rare,Item,,3061,Fremmenik Booster Pack,
Sleeping cap,Common,Item,,3062,,
Sliced banana,Common,Item,,3063,,
Sliced mushrooms,Common,Item,,3064,,
Small box hedge (bagged),Rare,Item,,3065,,
Small fishing net,Common,Item,,3066,Humble Beginnings,
Small pearl,Common,Item,,3067,,
Smashed glass,Common,Item,,3068,,
Smelly sock,Common,Item,,3069,,
Smoke battlestaff,Uncommon,Item,,3070,,
Smoke rune,Uncommon,Item,,3071,,
Smouldering stone,Mythic,Item,,3072,,
Snake hide,Common,Item,,3073,,
Snakeskin,Common,Item,,3074,,
Snakeskin bandana,Common,Item,,3075,,
Snakeskin body,Common,Item,,3076,,
Snakeskin boots,Common,Item,,3077,,
Snakeskin chaps,Common,Item,,3078,,
Snakeskin shield,Common,Item,,3079,,
Snakeskin vambraces,Common,Item,,3080,,
Snapdragon,Mythic,Item,,3081,,
Snapdragon potion (unf),Uncommon,Item,,3082,,
Snapdragon seed,Mythic,Item,,3083,,
Snape grass,Uncommon,Item,,3084,Ports and POHs,
Snape grass seed,Rare,Item,,3085,Mages of the Shore,
Snowy knight (item),Rare,Item,,3086,,
Snowy knight mix,Rare,Item,,3087,,
Soaked page,Uncommon,Item,,3088,,
Soda ash,Common,Item,,3089,,
Soft clay,Common,Item,,3090,Jewel of Misthalin,
Soiled page,Uncommon,Item,,3091,,
Soul rune,Mythic,Item,,3092,,
Soulflame horn,Mythic,Item,,3093,,
Soulreaper axe,Legendary,Item,,3094,,
Spade,Common,Item,,3095,Humble Beginnings,
Spatula,Uncommon,Item,,3096,,
Spectral sigil,Rare,Item,,3097,,
Spectral spirit shield,Legendary,Item,,3098,,
Spice,Common,Item,,3099,,
Spicy crunchies,Common,Item,,3100,,
Spicy minced meat,Common,Item,,3101,Humble Beginnings,
Spicy sauce,Common,Item,,3102,Gnome Booster Pack,
Spicy tomato,Common,Item,,3103,Gnome Booster Pack,
Spider carcass,Common,Item,,3104,,
Spider cave teleport,Uncommon,Item,,3105,,
Spider on shaft,Uncommon,Item,,3106,,
Spider on shaft (raw),Common,Item,,3107,,
Spider on stick,Uncommon,Item,,3108,,
Spider on stick (raw),Common,Item,,3109,,
Spiked boots,Uncommon,Item,,3110,,
Spiked manacles,Rare,Item,,3111,,
Spiky vambraces,Common,Item,,3112,,
Spinach roll,Common,Item,,3113,,
Spined body,Rare,Item,,3114,,
Spined boots,Uncommon,Item,,3115,,
Spined chaps,Rare,Item,,3116,,
Spined gloves,Uncommon,Item,,3117,,
Spined helm,Rare,Item,,3118,,
Spiny helmet,Common,Item,,3119,Mages of the Shore,
Spirit shield,Rare,Item,,3120,,
Split log,Common,Item,,3121,,
Splitbark body,Uncommon,Item,,3122,,
Splitbark boots,Uncommon,Item,,3123,,
Splitbark gauntlets,Uncommon,Item,,3124,,
Splitbark helm,Uncommon,Item,,3125,,
Splitbark legs,Uncommon,Item,,3126,,
Spooky egg,Common,Item,,3127,,
Spork,Uncommon,Item,,3128,,
Spotted cape,Uncommon,Item,,3129,,
Spotted kebbit fur,Common,Item,,3130,,
Spottier cape,Rare,Item,,3131,,
Squid beak,Rare,Item,,3132,,
Squid paste,Uncommon,Item,,3133,,
Staff,Common,Item,,3134,Mages of the Shore,
Staff of air,Common,Item,,3135,,
Staff of balance,Legendary,Item,,3136,,
Staff of bob the cat,Common,Item,,3137,,
Staff of earth,Common,Item,,3138,,
Staff of fire,Common,Item,,3139,,
Staff of light,Legendary,Item,,3140,,
Staff of the dead,Mythic,Item,,3141,,
Staff of water,Common,Item,,3142,,
Stale baguette,Common,Item,,3143,,
Stamina mix,Uncommon,Item,,3144,,
Stamina potion,Rare,Item,,3145,,
Steam battlestaff,Uncommon,Item,,3146,,
Steam rune,Uncommon,Item,,3147,,
Steam staff upgrade kit,Common,Item,,3148,,
Steamforge brew,Common,Item,,3149,,
Steel 2h sword,Uncommon,Item,,3150,,
Steel arrow,Uncommon,Item,,3151,Mages of the Shore,
Steel arrowtips,Common,Item,,3152,Mages of the Shore,
Steel axe,Uncommon,Item,,3153,Humble Beginnings,
Steel bar,Uncommon,Item,,3154,,
Steel battleaxe,Uncommon,Item,,3155,Humble Beginnings,
Steel bolts,Uncommon,Item,,3156,Emir’s Dominion,
Steel bolts (unf),Common,Item,,3157,Emir’s Dominion,
Steel boots,Uncommon,Item,,3158,,
Steel brutal,Uncommon,Item,,3159,,
Steel cannonball,Uncommon,Item,,3160,,
Steel chainbody,Uncommon,Item,,3161,Emir’s Dominion,
Steel claws,Uncommon,Item,,3162,The Concealed King,
Steel crossbow,Uncommon,Item,,3163,,
Steel crossbow (u),Common,Item,,3164,,
Steel dagger,Uncommon,Item,,3165,Emir’s Dominion,
Steel dart,Uncommon,Item,,3166,,
Steel dart tip,Common,Item,,3167,,
Steel dragon mask,Common,Item,,3168,,
Steel felling axe,Uncommon,Item,,3169,,
Steel fire arrow,Common,Item,,3170,,
Steel full helm,Uncommon,Item,,3171,Emir’s Dominion,
Steel full helm (g),Uncommon,Item,,3172,,
Steel full helm (t),Uncommon,Item,,3173,,
Steel halberd,Uncommon,Item,,3174,,
Steel hasta,Uncommon,Item,,3175,,
Steel javelin,Uncommon,Item,,3176,,
Steel javelin tips,Common,Item,,3177,,
Steel keel parts,Uncommon,Item,,3178,,
Steel kiteshield,Uncommon,Item,,3179,Emir’s Dominion,
Steel kiteshield (g),Uncommon,Item,,3180,,
Steel kiteshield (t),Uncommon,Item,,3181,,
Steel knife,Uncommon,Item,,3182,Emir’s Dominion,
Steel limbs,Common,Item,,3183,,
Steel locks,Common,Item,,3184,,
Steel longsword,Uncommon,Item,,3185,Emir’s Dominion,
Steel mace,Uncommon,Item,,3186,Mages of the Shore,
Steel med helm,Uncommon,Item,,3187,Emir’s Dominion,
Steel nails,Uncommon,Item,,3188,Jewel of Misthalin,
Steel pickaxe,Uncommon,Item,,3189,Emir’s Dominion,
Steel platebody,Uncommon,Item,,3190,Emir’s Dominion,
Steel platebody (g),Uncommon,Item,,3191,,
Steel platebody (t),Uncommon,Item,,3192,,
Steel platelegs,Uncommon,Item,,3193,Emir’s Dominion,
Steel platelegs (g),Uncommon,Item,,3194,,
Steel platelegs (t),Uncommon,Item,,3195,,
Steel plateskirt,Uncommon,Item,,3196,Emir’s Dominion,
Steel plateskirt (g),Uncommon,Item,,3197,,
Steel plateskirt (t),Uncommon,Item,,3198,,
Steel ring,Rare,Item,,3199,,
Steel scimitar,Uncommon,Item,,3200,Emir’s Dominion,
Steel spear,Uncommon,Item,,3201,,
Steel sq shield,Uncommon,Item,,3202,Emir’s Dominion,
Steel studs,Common,Item,,3203,Emir’s Dominion,
Steel sword,Uncommon,Item,,3204,Emir’s Dominion,
Steel thrownaxe,Uncommon,Item,,3205,,
Steel warhammer,Uncommon,Item,,3206,Emir’s Dominion,
Stew,Uncommon,Item,,3207,Humble Beginnings,
Stony basalt,Rare,Item,,3208,,
Strange fruit,Common,Item,,3209,,
Strange old lockpick,Uncommon,Item,,3210,,
Strawberries,Common,Item,,3211,,
Strawberry,Common,Item,,3212,,
Strawberry seed,Uncommon,Item,,3213,Mages of the Shore,
Strength amulet (t),Uncommon,Item,,3214,,
Strength mix,Common,Item,,3215,,
Strength potion,Common,Item,,3216,,
Stretched hide,Uncommon,Item,,3217,,
Strip of cloth,Common,Item,,3218,,
Stripy feather,Common,Item,,3219,,
Stripy pirate shirt (beige),Common,Item,,3220,,
Stripy pirate shirt (blue),Common,Item,,3221,,
Stripy pirate shirt (brown),Common,Item,,3222,,
Stripy pirate shirt (red),Common,Item,,3223,,
Stronghold notes,Common,Item,,3224,,
Strung rabbit foot,Uncommon,Item,,3225,,
Strykewyrm bones,Uncommon,Item,,3226,,
Studded body,Uncommon,Item,,3227,,
Studded body (g),Uncommon,Item,,3228,,
Studded body (t),Uncommon,Item,,3229,,
Studded chaps,Uncommon,Item,,3230,,
Studded chaps (g),Uncommon,Item,,3231,,
Studded chaps (t),Uncommon,Item,,3232,,
Sturdy harness,Uncommon,Item,,3233,,
Sulliuscep cap,Rare,Item,,3234,,
Sulphur,Common,Item,,3235,,
Sulphur blades,Mythic,Item,,3236,,
Summer pie,Mythic,Item,,3237,,
Summon boat (tablet),Uncommon,Item,,3238,,
Sun-shine,Common,Item,,3239,,
Sunbeam ale,Common,Item,,3240,,
Sunfire fanatic chausses,Mythic,Item,,3241,,
Sunfire fanatic cuirass,Mythic,Item,,3242,,
Sunfire fanatic helm,Mythic,Item,,3243,,
Sunfire rune,Rare,Item,,3244,,
Sunfire splinters,Uncommon,Item,,3245,,
Sunlight antelope antler,Uncommon,Item,,3246,,
Sunlight antelope fur,Uncommon,Item,,3247,,
Sunlight antler bolts,Rare,Item,,3248,,
Sunlight moth (item),Uncommon,Item,,3249,,
Sunlight moth mix,Rare,Item,,3250,,
Super antifire mix,Rare,Item,,3251,,
Super antifire potion,Mythic,Item,,3252,,
Super attack,Rare,Item,,3253,,
Super combat potion,Mythic,Item,,3254,,
Super def. mix,Uncommon,Item,,3255,,
Super defence,Rare,Item,,3256,,
Super energy,Rare,Item,,3257,,
Super energy mix,Uncommon,Item,,3258,,
Super fishing potion,Rare,Item,,3259,,
Super hunter potion,Rare,Item,,3260,,
Super kebab,Common,Item,,3261,,
Super restore,Mythic,Item,,3262,,
Super restore mix,Rare,Item,,3263,,
Super str. mix,Uncommon,Item,,3264,,
Super strength,Rare,Item,,3265,,
Superantipoison,Uncommon,Item,,3266,,
Superattack mix,Uncommon,Item,,3267,,
Supercompost,Uncommon,Item,,3268,,
Superior dragon bones,Legendary,Item,,3269,,
Swamp lizard,Rare,Item,,3270,,
Swamp paste,Common,Item,,3271,,
Swamp tar,Common,Item,,3272,,
Swamp toad (item),Common,Item,,3273,,
Swamp weed,Common,Item,,3274,,
Swampbark body,Rare,Item,,3275,,
Swampbark boots,Rare,Item,,3276,,
Swampbark gauntlets,Rare,Item,,3277,,
Swampbark helm,Rare,Item,,3278,,
Swampbark legs,Rare,Item,,3279,,
Sweetcorn,Common,Item,,3280,,
Sweetcorn (bowl),Common,Item,,3281,,
Sweetcorn seed,Uncommon,Item,,3282,Humble Beginnings,
Swift albatross feather,Rare,Item,,3283,,
Swift blade,Uncommon,Item,,3284,,
Swordfish,Uncommon,Item,,3285,,
Swordtip squid,Uncommon,Item,,3286,,
Tai bwo wannai teleport,Uncommon,Item,,3287,,
Tall box hedge (bagged),Rare,Item,,3288,,
Tall fancy hedge (bagged),Rare,Item,,3289,,
Tan cavalier,Common,Item,,3290,,
Tangled toad's legs,Common,Item,,3291,,
Tankard,Common,Item,,3292,,
Tanzanite fang,Rare,Item,,3293,,
Target teleport,Common,Item,,3294,,
Target teleport scroll,Common,Item,,3295,,
Tarromin,Common,Item,,3296,Humble Beginnings,
Tarromin potion (unf),Common,Item,,3297,,
Tarromin seed,Common,Item,,3298,,
Tarromin tar,Common,Item,,3299,,
Tatty graahk fur,Common,Item,,3300,,
Tatty kyatt fur,Common,Item,,3301,,
Tatty larupia fur,Common,Item,,3302,,
Te salt,Common,Item,,3303,,
Tea leaves,Common,Item,,3304,,
Teacher wand,Rare,Item,,3305,,
Teak armchair (flatpack),Uncommon,Item,,3306,,
Teak armour case (flatpack),Uncommon,Item,,3307,,
Teak bed (flatpack),Uncommon,Item,,3308,,
Teak bird house,Uncommon,Item,,3309,,
Teak cape rack (flatpack),Uncommon,Item,,3310,,
Teak clock (flatpack),Uncommon,Item,,3311,,
Teak dining bench (flatpack),Uncommon,Item,,3312,,
Teak drawers (flatpack),Uncommon,Item,,3313,,
Teak dresser (flatpack),Uncommon,Item,,3314,,
Teak fancy dress box (flatpack),Uncommon,Item,,3315,,
Teak hull parts,Uncommon,Item,,3316,,
Teak kitchen table (flatpack),Uncommon,Item,,3317,,
Teak leaves,Common,Item,,3318,,
Teak logs,Rare,Item,,3319,,
Teak magic wardrobe (flatpack),Uncommon,Item,,3320,,
Teak plank,Uncommon,Item,,3321,Jewel of Misthalin,
Teak pyre logs,Common,Item,,3322,,
Teak repair kit,Uncommon,Item,,3323,,
Teak sapling,Rare,Item,,3324,,
Teak seed,Uncommon,Item,,3325,,
Teak stock,Common,Item,,3326,,
Teak table (flatpack),Uncommon,Item,,3327,,
Teak toy box (flatpack),Uncommon,Item,,3328,,
Teak treasure chest (flatpack),Uncommon,Item,,3329,,
Teak wardrobe (flatpack),Uncommon,Item,,3330,,
Teal boots,Common,Item,,3331,,
Teal gloves,Common,Item,,3332,,
Teal hat,Common,Item,,3333,,
Teal robe bottoms,Common,Item,,3334,,
Teal robe top,Common,Item,,3335,,
Team cape i,Common,Item,,3336,,
Team cape x,Common,Item,,3337,,
Team cape zero,Common,Item,,3338,,
Team-1 cape,Common,Item,,3339,,
Team-10 cape,Common,Item,,3340,,
Team-11 cape,Common,Item,,3341,,
Team-12 cape,Common,Item,,3342,,
Team-13 cape,Common,Item,,3343,,
Team-14 cape,Common,Item,,3344,,
Team-15 cape,Common,Item,,3345,,
Team-16 cape,Common,Item,,3346,,
Team-17 cape,Common,Item,,3347,,
Team-18 cape,Common,Item,,3348,,
Team-19 cape,Common,Item,,3349,,
Team-2 cape,Common,Item,,3350,,
Team-20 cape,Common,Item,,3351,,
Team-21 cape,Common,Item,,3352,,
Team-22 cape,Common,Item,,3353,,
Team-23 cape,Common,Item,,3354,,
Team-24 cape,Common,Item,,3355,,
Team-25 cape,Common,Item,,3356,,
Team-26 cape,Common,Item,,3357,,
Team-27 cape,Common,Item,,3358,,
Team-28 cape,Common,Item,,3359,,
Team-29 cape,Common,Item,,3360,,
Team-3 cape,Common,Item,,3361,,
Team-30 cape,Common,Item,,3362,,
Team-31 cape,Common,Item,,3363,,
Team-32 cape,Common,Item,,3364,,
Team-33 cape,Common,Item,,3365,,
Team-34 cape,Common,Item,,3366,,
Team-35 cape,Common,Item,,3367,,
Team-36 cape,Common,Item,,3368,,
Team-37 cape,Common,Item,,3369,,
Team-38 cape,Common,Item,,3370,,
Team-39 cape,Common,Item,,3371,,
Team-4 cape,Common,Item,,3372,,
Team-40 cape,Common,Item,,3373,,
Team-41 cape,Common,Item,,3374,,
Team-42 cape,Common,Item,,3375,,
Team-43 cape,Common,Item,,3376,,
Team-44 cape,Common,Item,,3377,,
Team-45 cape,Common,Item,,3378,,
Team-46 cape,Common,Item,,3379,,
Team-47 cape,Common,Item,,3380,,
Team-48 cape,Common,Item,,3381,,
Team-49 cape,Common,Item,,3382,,
Team-5 cape,Common,Item,,3383,,
Team-50 cape,Common,Item,,3384,,
Team-6 cape,Common,Item,,3385,,
Team-7 cape,Common,Item,,3386,,
Team-8 cape,Common,Item,,3387,,
Team-9 cape,Common,Item,,3388,,
Teapot,Common,Item,,3389,,
Teapot with leaves,Common,Item,,3390,,
Teasing stick,Common,Item,,3391,,
Tecu salamander,Legendary,Item,,3392,,
Teleport anchoring scroll,Rare,Item,,3393,,
Teleport card,Common,Item,,3394,,
Teleport to boat (tablet),Uncommon,Item,,3395,,
Teleport to house (tablet),Uncommon,Item,,3396,,
Thammaron's sceptre,Mythic,Item,,3397,,
Thammaron's sceptre (a),Mythic,Item,,3398,,
Thatch spar dense,Common,Item,,3399,,
Thatch spar light,Common,Item,,3400,,
Thatch spar med,Common,Item,,3401,,
The great divide,Common,Item,,3402,,
Thieving bag,Common,Item,,3403,,
Thin snail,Common,Item,,3404,,
Thin snail meat,Common,Item,,3405,,
Thorny hedge (bagged),Rare,Item,,3406,,
Thread,Common,Item,,3407,Emir’s Dominion,
Tiara,Common,Item,,3408,Emir’s Dominion,
Tiara mould,Common,Item,,3409,Emir’s Dominion,
Tile,Common,Item,,3410,,
Tin ore,Common,Item,,3411,Humble Beginnings,
Tinderbox,Common,Item,,3412,Humble Beginnings,
Tiny pearl,Common,Item,,3413,,
Toad batta,Common,Item,,3414,,
Toad crunchies,Common,Item,,3415,,
Toad's legs,Common,Item,,3416,,
Toadflax,Rare,Item,,3417,,
Toadflax potion (unf),Common,Item,,3418,,
Toadflax seed,Rare,Item,,3419,,
Toktz-ket-xil,Mythic,Item,,3420,,
Toktz-mej-tal,Mythic,Item,,3421,,
Toktz-xil-ak,Mythic,Item,,3422,,
Toktz-xil-ek,Mythic,Item,,3423,,
Toktz-xil-ul,Mythic,Item,,3424,,
Tomato,Common,Item,,3425,,
Tomato seed,Common,Item,,3426,Humble Beginnings,
Tomatoes,Common,Item,,3427,Humble Beginnings,
Tome of earth,Rare,Item,,3428,,
Tome of fire,Rare,Item,,3429,,
Tome of water,Rare,Item,,3430,,
Tonalztics of ralos,Legendary,Item,,3431,,
Tonameyo white,Common,Item,,3432,,
Tooth half of key,Uncommon,Item,,3433,,
Top hat,Common,Item,,3434,,
Top hat & monocle,Common,Item,,3435,,
Topaz amulet,Common,Item,,3436,,
Topaz amulet (u),Common,Item,,3437,,
Topaz bolt tips,Common,Item,,3438,,
Topaz bolts,Uncommon,Item,,3439,,
Topaz bolts (e),Common,Item,,3440,,
Topaz bracelet,Common,Item,,3441,,
Topaz dragon bolts,Mythic,Item,,3442,,
Topaz dragon bolts (e),Mythic,Item,,3443,,
Topaz necklace,Common,Item,,3444,,
Topaz ring,Common,Item,,3445,,
Topiary hedge (bagged),Rare,Item,,3446,,
Torag's hammers,Mythic,Item,,3447,,
Torag's helm,Mythic,Item,,3448,,
Torag's platebody,Mythic,Item,,3449,,
Torag's platelegs,Mythic,Item,,3450,,
Torch,Common,Item,,3451,Humble Beginnings,
Tormented bracelet,Legendary,Item,,3452,,
Tormented ornament kit,Common,Item,,3453,,
Tormented synapse,Legendary,Item,,3454,,
Torn prayer scroll,Rare,Item,,3455,,
Torstol,Mythic,Item,,3456,,
Torstol potion (unf),Uncommon,Item,,3457,,
Torstol seed,Mythic,Item,,3458,,
Tortoise shell,Common,Item,,3459,,
Torture ornament kit,Common,Item,,3460,,
Torva full helm,Legendary,Item,,3461,,
Torva platebody,Legendary,Item,,3462,,
Torva platelegs,Legendary,Item,,3463,,
Toxic blowpipe,Legendary,Item,,3464,,
Toxic staff of the dead,Common,Item,,3465,,
Toy cat,Common,Item,,3466,,
Toy doll,Common,Item,,3467,,
Toy mouse,Common,Item,,3468,,
Toy soldier,Common,Item,,3469,,
Trading sticks,Common,Item,,3470,,
Trapper's tipple,Common,Item,,3471,,
Treasonous ring,Rare,Item,,3472,,
Triangle sandwich,Common,Item,,3473,,
Tribal mask (combat),Common,Item,,3474,,
Tribal mask (disease),Common,Item,,3475,,
Tribal mask (poison),Common,Item,,3476,,
Tribal top (blue),Common,Item,,3477,,
Tribal top (brown),Common,Item,,3478,,
Tribal top (pink),Common,Item,,3479,,
Tribal top (yellow),Common,Item,,3480,,
Trident of the seas,Mythic,Item,,3481,,
Trident of the seas (e),Mythic,Item,,3482,,
Trident of the swamp,Legendary,Item,,3483,,
Trident of the swamp (e),Legendary,Item,,3484,,
Trousers (blue),Common,Item,,3485,,
Trousers (brown),Common,Item,,3486,,
Trousers (lilac),Common,Item,,3487,,
Trout,Common,Item,,3488,,
Trouver parchment,Rare,Item,,3489,,
Tumeken's shadow,Legendary,Item,,3490,,
Tuna,Uncommon,Item,,3491,,
Tuna and corn,Common,Item,,3492,,
Tuna potato,Mythic,Item,,3493,,
Turquoise boots,Common,Item,,3494,,
Turquoise hat,Common,Item,,3495,,
Turquoise robe bottoms,Common,Item,,3496,,
Turquoise robe top,Common,Item,,3497,,
Twinflame staff,Mythic,Item,,3498,,
Twisted bow,Legendary,Item,,3499,,
Twisted buckler,Legendary,Item,,3500,,
Tyrannical ring,Rare,Item,,3501,,
Tyras helm,Uncommon,Item,,3502,,
Tzhaar-ket-om,Mythic,Item,,3503,,
Tzhaar-ket-om ornament kit,Common,Item,,3504,,
Ugthanki & onion,Common,Item,,3505,,
Ugthanki & tomato,Common,Item,,3506,,
Ugthanki kebab,Mythic,Item,,3507,,
Ugthanki meat,Common,Item,,3508,,
Ultor ring,Legendary,Item,,3509,,
Ultracompost,Rare,Item,,3510,,
Umbral coral,Mythic,Item,,3511,,
Umbral frag,Rare,Item,,3512,,
Umbral potion (unf),Uncommon,Item,,3513,,
Unblessed symbol,Common,Item,,3514,Emir’s Dominion,
Uncooked apple pie,Common,Item,,3515,,
Uncooked berry pie,Common,Item,,3516,,
Uncooked botanical pie,Common,Item,,3517,,
Uncooked cake,Common,Item,,3518,Humble Beginnings,
Uncooked curry,Common,Item,,3519,,
Uncooked dragonfruit pie,Common,Item,,3520,,
Uncooked egg,Common,Item,,3521,Humble Beginnings,
Uncooked meat pie,Common,Item,,3522,,
Uncooked mushroom pie,Common,Item,,3523,,
Uncooked pizza,Common,Item,,3524,,
Uncooked stew,Common,Item,,3525,Humble Beginnings,
Uncut diamond,Rare,Item,,3526,,
Uncut dragonstone,Mythic,Item,,3527,,
Uncut emerald,Common,Item,,3528,,
Uncut jade,Common,Item,,3529,,
Uncut onyx,Mythic,Item,,3530,,
Uncut opal,Common,Item,,3531,,
Uncut red topaz,Common,Item,,3532,,
Uncut ruby,Uncommon,Item,,3533,,
Uncut sapphire,Common,Item,,3534,Emir’s Dominion,
Uncut zenyte,Legendary,Item,,3535,,
Unfinished broad bolt pack,Common,Item,,3536,The Concealed King,
Unfinished broad bolts,Common,Item,,3537,The Concealed King,
Unfinished potion,Common,Item,,3538,,
Unfinished potion (Rogue's Purse),Common,Item,,3539,Emir’s Dominion,
Unfired bowl,Common,Item,,3540,Emir’s Dominion,
Unfired cup,Common,Item,,3541,,
Unfired pie dish,Common,Item,,3542,,
Unfired plant pot,Common,Item,,3543,,
Unfired pot,Common,Item,,3544,,
Unfired pot lid,Common,Item,,3545,,
Unholy blessing,Uncommon,Item,,3546,,
Unholy symbol,Uncommon,Item,,3547,,
Unicorn horn,Common,Item,,3548,,
Unicorn horn dust,Common,Item,,3549,,
Unpowered orb,Uncommon,Item,,3550,,
Unpowered symbol,Common,Item,,3551,Emir’s Dominion,
Unstrung comp bow,Common,Item,,3552,,
Unstrung emblem,Common,Item,,3553,Emir’s Dominion,
Unstrung heavy ballista,Uncommon,Item,,3554,,
Unstrung light ballista,Uncommon,Item,,3555,,
Unstrung symbol,Common,Item,,3556,Emir’s Dominion,
Uri's hat,Common,Item,,3557,,
Ursine chainmace,Mythic,Item,,3558,,
Urt salt,Uncommon,Item,,3559,,
Vampyre dust,Uncommon,Item,,3560,,
Varlamorian kebab,Uncommon,Item,,3561,,
Varrock teleport (tablet),Common,Item,,3562,,
Veg ball,Common,Item,,3563,,
Vegetable batta,Common,Item,,3564,,
Venator bow,Legendary,Item,,3565,,
Venator ring,Legendary,Item,,3566,,
Venator shard,Rare,Item,,3567,,
Verac's brassard,Mythic,Item,,3568,,
Verac's flail,Mythic,Item,,3569,,
Verac's helm,Mythic,Item,,3570,,
Verac's plateskirt,Mythic,Item,,3571,,
Vial,Common,Item,,3572,,
Vial of blood,Rare,Item,,3573,,
Vial of water,Common,Item,,3574,,
Viggora's chainmace,Mythic,Item,,3575,,
Vile ashes,Uncommon,Item,,3576,,
Villager armband (blue),Common,Item,,3577,,
Villager armband (brown),Common,Item,,3578,,
Villager armband (pink),Common,Item,,3579,,
Villager armband (yellow),Common,Item,,3580,,
Villager hat (blue),Common,Item,,3581,,
Villager hat (brown),Common,Item,,3582,,
Villager hat (pink),Common,Item,,3583,,
Villager hat (yellow),Common,Item,,3584,,
Villager robe (blue),Common,Item,,3585,,
Villager robe (brown),Common,Item,,3586,,
Villager robe (pink),Common,Item,,3587,,
Villager robe (yellow),Common,Item,,3588,,
Villager sandals (blue),Common,Item,,3589,,
Villager sandals (brown),Common,Item,,3590,,
Villager sandals (pink),Common,Item,,3591,,
Villager sandals (yellow),Common,Item,,3592,,
Virtus mask,Legendary,Item,,3593,,
Virtus robe bottom,Legendary,Item,,3594,,
Virtus robe top,Legendary,Item,,3595,,
Vodka,Common,Item,,3596,,
Voidwaker,Legendary,Item,,3597,,
Voidwaker blade,Rare,Item,,3598,,
Voidwaker gem,Rare,Item,,3599,,
Voidwaker hilt,Rare,Item,,3600,,
Volatile orb,Legendary,Item,,3601,,
Volcanic ash,Common,Item,,3602,,
Volcanic whip mix,Common,Item,,3603,,
Vyrewatch legs,Common,Item,,3604,,
Vyrewatch shoes,Common,Item,,3605,,
Vyrewatch top,Common,Item,,3606,,
War blessing,Uncommon,Item,,3607,,
Ward upgrade kit,Common,Item,,3608,,
Warped sceptre,Mythic,Item,,3609,,
Warrior helm,Rare,Item,,3610,,
Warrior icon,Common,Item,,3611,,
Warrior ring,Uncommon,Item,,3612,,
Watchtower teleport (tablet),Uncommon,Item,,3613,,
Water battlestaff,Common,Item,,3614,,
Water orb,Common,Item,,3615,,
Water rune,Common,Item,,3616,Humble Beginnings,
Water rune pack,Common,Item,,3617,,
Water talisman,Common,Item,,3618,Mages of the Shore,
Water tiara,Common,Item,,3619,,
Water-filled vial pack,Common,Item,,3620,,
Waterbirth teleport (tablet),Uncommon,Item,,3621,,
Watering can,Common,Item,,3622,Humble Beginnings,
Watermelon,Common,Item,,3623,,
Watermelon seed,Rare,Item,,3624,Mages of the Shore,
Watermelon slice,Common,Item,,3625,,
Waterskin,Common,Item,,3626,Emir’s Dominion,
Watson teleport,Common,Item,,3627,,
Weapon poison,Common,Item,,3628,,
Weapon poison(+),Uncommon,Item,,3629,,
Weapon poison(++),Rare,Item,,3630,,
Webweaver bow,Legendary,Item,,3631,,
Weeds,Common,Item,,3632,,
West ardougne teleport (tablet),Uncommon,Item,,3633,,
Whisky,Common,Item,,3634,,
White 2h sword,Uncommon,Item,,3635,,
White apron,Uncommon,Item,,3636,,
White battleaxe,Uncommon,Item,,3637,,
White bead,Common,Item,,3638,Mages of the Shore,
White beret,Common,Item,,3639,,
White berries,Uncommon,Item,,3640,,
White boater,Common,Item,,3641,,
White boots,Uncommon,Item,,3642,,
White cavalier,Common,Item,,3643,,
White chainbody,Uncommon,Item,,3644,,
White claws,Uncommon,Item,,3645,Knights of Saradomin,
White dagger,Uncommon,Item,,3646,,
White dark bow paint,Common,Item,,3647,,
White elegant blouse,Common,Item,,3648,,
White elegant skirt,Common,Item,,3649,,
White firelighter,Common,Item,,3650,,
White flowers,Common,Item,,3651,,
White full helm,Uncommon,Item,,3652,,
White gloves,Uncommon,Item,,3653,,
White halberd,Uncommon,Item,,3654,,
White headband,Common,Item,,3655,,
White kiteshield,Uncommon,Item,,3656,,
White lily,Common,Item,,3657,,
White lily seed,Rare,Item,,3658,,
White longsword,Uncommon,Item,,3659,,
White mace,Uncommon,Item,,3660,,
White magic staff,Uncommon,Item,,3661,,
White med helm,Uncommon,Item,,3662,,
White partyhat,Common,Item,,3663,,
White platebody,Uncommon,Item,,3664,,
White platelegs,Uncommon,Item,,3665,,
White plateskirt,Uncommon,Item,,3666,,
White scimitar,Uncommon,Item,,3667,,
White sq shield,Uncommon,Item,,3668,,
White sword,Uncommon,Item,,3669,,
White toy horsey,Common,Item,,3670,,
White unicorn mask,Common,Item,,3671,,
White warhammer,Uncommon,Item,,3672,,
Whiteberry seed,Uncommon,Item,,3673,,
Wild pie,Mythic,Item,,3674,,
Wildblood hops,Common,Item,,3675,Humble Beginnings,
Wildblood seed,Uncommon,Item,,3676,Mages of the Shore,
Wilderness crabs teleport,Rare,Item,,3677,,
Willow bird house,Uncommon,Item,,3678,,
Willow blackjack,Uncommon,Item,,3679,,
Willow blackjack(d),Uncommon,Item,,3680,,
Willow blackjack(o),Uncommon,Item,,3681,,
Willow branch,Common,Item,,3682,,
Willow comp bow,Uncommon,Item,,3683,,
Willow leaves,Common,Item,,3684,,
Willow logs,Uncommon,Item,,3685,Mages of the Shore,
Willow longbow,Uncommon,Item,,3686,Mages of the Shore,
Willow longbow (u),Common,Item,,3687,Mages of the Shore,
Willow pyre logs,Common,Item,,3688,,
Willow roots,Common,Item,,3689,,
Willow sapling,Uncommon,Item,,3690,,
Willow seed,Uncommon,Item,,3691,,
Willow shield,Uncommon,Item,,3692,Mages of the Shore,
Willow shortbow,Uncommon,Item,,3693,Mages of the Shore,
Willow shortbow (u),Common,Item,,3694,Mages of the Shore,
Willow stock,Common,Item,,3695,,
Wine of zamorak,Rare,Item,,3696,,
Wizard blizzard,Common,Item,,3697,,
Wizard boots,Common,Item,,3698,,
Wizard hat,Common,Item,,3699,Mages of the Shore,
Wizard's mind bomb,Common,Item,,3700,,
Woad leaf,Common,Item,,3701,,
Woad seed,Uncommon,Item,,3702,,
Wolf bones,Common,Item,,3703,,
Wolf cloak,Common,Item,,3704,,
Wolf mask,Common,Item,,3705,,
Wolfbone arrowtips,Common,Item,,3706,,
Wood camo legs,Common,Item,,3707,,
Wood camo top,Common,Item,,3708,,
Wood dining table (flatpack),Common,Item,,3709,,
Wooden bed (flatpack),Common,Item,,3710,,
Wooden bench (flatpack),Common,Item,,3711,,
Wooden cat,Common,Item,,3712,,
Wooden chair (flatpack),Common,Item,,3713,,
Wooden hull parts,Common,Item,,3714,,
Wooden shield,Common,Item,,3715,Humble Beginnings,
Wooden shield (g),Common,Item,,3716,,
Wooden spoon,Common,Item,,3717,,
Wooden stock,Common,Item,,3718,,
Wool,Common,Item,,3719,Humble Beginnings,
Worm batta,Common,Item,,3720,,
Worm crunchies,Common,Item,,3721,,
Worm hole,Common,Item,,3722,,
Woven top (blue),Common,Item,,3723,,
Woven top (brown),Common,Item,,3724,,
Woven top (yellow),Common,Item,,3725,,
Wrapped oomlie,Common,Item,,3726,,
Wrath rune,Mythic,Item,,3727,,
Wrath talisman,Mythic,Item,,3728,,
Wrath tiara,Mythic,Item,,3729,,
Wyrm bones,Rare,Item,,3730,,
Wyrmling bones,Uncommon,Item,,3731,,
Wyvern bones,Rare,Item,,3732,,
Wyvern visage,Rare,Item,,3733,,
Xerician fabric,Common,Item,,3734,,
Xerician hat,Uncommon,Item,,3735,,
Xerician robe,Uncommon,Item,,3736,,
Xerician top,Uncommon,Item,,3737,,
Yak-hide,Common,Item,,3738,,
Yak-hide armour (legs),Uncommon,Item,,3739,,
Yak-hide armour (top),Uncommon,Item,,3740,,
Yanillian hops,Common,Item,,3741,Humble Beginnings,
Yanillian seed,Common,Item,,3742,Mages of the Shore,
Yellow bead,Common,Item,,3743,Mages of the Shore,
Yellow boots,Common,Item,,3744,,
Yellow cape,Common,Item,,3745,,
Yellow dark bow paint,Common,Item,,3746,,
Yellow dye,Common,Item,,3747,Mages of the Shore,
Yellow feather,Common,Item,,3748,,
Yellow fin,Rare,Item,,3749,,
Yellow flowers,Common,Item,,3750,,
Yellow gloves,Common,Item,,3751,,
Yellow hat,Common,Item,,3752,,
Yellow partyhat,Common,Item,,3753,,
Yellow robe bottoms,Common,Item,,3754,,
Yellow robe top,Common,Item,,3755,,
Yellowfin,Rare,Item,,3756,,
Yew bird house,Mythic,Item,,3757,,
Yew comp bow,Rare,Item,,3758,,
Yew leaves,Common,Item,,3759,,
Yew logs,Mythic,Item,,3760,,
Yew longbow,Rare,Item,,3761,,
Yew longbow (u),Common,Item,,3762,,
Yew pyre logs,Common,Item,,3763,,
Yew roots,Common,Item,,3764,,
Yew sapling,Mythic,Item,,3765,,
Yew seed,Mythic,Item,,3766,,
Yew shield,Rare,Item,,3767,,
Yew shortbow,Rare,Item,,3768,,
Yew shortbow (u),Common,Item,,3769,,
Yew stock,Rare,Item,,3770,,
Young impling jar,Common,Item,,3771,,
Zalcano shard,Common,Item,,3772,,
Zamorak bracers,Mythic,Item,,3773,,
Zamorak brew,Rare,Item,,3774,,
Zamorak chaps,Mythic,Item,,3775,,
Zamorak cloak,Uncommon,Item,,3776,,
Zamorak coif,Mythic,Item,,3777,,
Zamorak crozier,Uncommon,Item,,3778,,
Zamorak d'hide body,Mythic,Item,,3779,,
Zamorak d'hide boots,Mythic,Item,,3780,,
Zamorak d'hide shield,Mythic,Item,,3781,,
Zamorak full helm,Rare,Item,,3782,,
Zamorak godsword,Legendary,Item,,3783,,
Zamorak godsword ornament kit,Common,Item,,3784,,
Zamorak hilt,Rare,Item,,3785,,
Zamorak kiteshield,Rare,Item,,3786,,
Zamorak mitre,Uncommon,Item,,3787,,
Zamorak mix,Uncommon,Item,,3788,,
Zamorak mjolnir,Uncommon,Item,,3789,,
Zamorak monk bottom,Common,Item,,3790,,
Zamorak monk top,Common,Item,,3791,,
Zamorak page 1,Uncommon,Item,,3792,,
Zamorak page 2,Uncommon,Item,,3793,,
Zamorak page 3,Uncommon,Item,,3794,,
Zamorak page 4,Uncommon,Item,,3795,,
Zamorak platebody,Rare,Item,,3796,,
Zamorak platelegs,Rare,Item,,3797,,
Zamorak plateskirt,Rare,Item,,3798,,
Zamorak robe legs,Uncommon,Item,,3799,,
Zamorak robe top,Uncommon,Item,,3800,,
Zamorak stole,Uncommon,Item,,3801,,
Zamorak's grapes,Uncommon,Item,,3802,,
Zamorakian hasta,Mythic,Item,,3803,,
Zamorakian spear,Mythic,Item,,3804,,
Zaryte crossbow,Legendary,Item,,3805,,
Zaryte vambraces,Legendary,Item,,3806,,
Zenyte,Legendary,Item,,3807,,
Zenyte amulet,Mythic,Item,,3808,,
Zenyte amulet (u),Mythic,Item,,3809,,
Zenyte bracelet,Mythic,Item,,3810,,
Zenyte necklace,Mythic,Item,,3811,,
Zenyte ring,Mythic,Item,,3812,,
Zenyte shard,Mythic,Item,,3813,,
Zogre bones,Common,Item,,3814,,
Zombie axe,Mythic,Item,,3815,,
Zombie head (Treasure Trails),Common,Item,,3816,,
Zombie helmet,Rare,Item,,3817,,
Zombie pirate key,Uncommon,Item,,3818,,
Zul-andra teleport,Rare,Item,,3819,,
Zulrah's scales,Uncommon,Item,,3820,,
Cook's Assistant,Common,Quest,,3821,,
Demon Slayer,Common,Quest,,3822,,
The Restless Ghost,Common,Quest,,3823,Humble Beginnings,
Romeo & Juliet,Common,Quest,,3824,Jewel of Misthalin,
Sheep Shearer,Common,Quest,,3825,Humble Beginnings,
Shield of Arrav,Common,Quest,,3826,Jewel of Misthalin,
Ernest the Chicken,Common,Quest,,3827,Mages of the Shore,
Imp Catcher,Common,Quest,,3828,Mages of the Shore,
Prince Ali Rescue,Common,Quest,,3829,Emir’s Dominion,
Doric's Quest,Common,Quest,,3830,,
Witch's Potion,Common,Quest,,3831,Ports and POHs,
Goblin Diplomacy,Common,Quest,,3832,,
Pirate's Treasure,Common,Quest,,3833,,
Rune Mysteries,Common,Quest,,3834,Humble Beginnings,
Misthalin Mystery,Common,Quest,,3835,Humble Beginnings,
X Marks the Spot,Common,Quest,,3836,Humble Beginnings,
Below Ice Mountain,Common,Quest,,3837,,
Vampyre Slayer,Uncommon,Quest,,3838,Mages of the Shore,
Black Knights' Fortress,Uncommon,Quest,,3839,Knights of Saradomin,
The Knight's Sword,Uncommon,Quest,,3840,,
The Corsair Curse,Uncommon,Quest,,3841,,
Dragon Slayer I,Rare,Quest,,3842,,
Druidic Ritual,Common,Quest,,3843,Mages of the Shore,
Fishing Contest,Common,Quest,,3844,,
Monk's Friend,Common,Quest,,3845,,
Clock Tower,Common,Quest,,3846,,
Hazeel Cult,Common,Quest,,3847,,
Sheep Herder,Common,Quest,,3848,,
Plague City,Common,Quest,,3849,,
Jungle Potion,Common,Quest,,3850,,
Dwarf Cannon,Common,Quest,,3851,,
Murder Mystery,Common,Quest,,3852,,
Gertrude's Cat,Common,Quest,,3853,,
Death Plateau,Common,Quest,,3854,,
Elemental Workshop I,Common,Quest,,3855,,
Priest in Peril,Common,Quest,,3856,,
Recruitment Drive,Common,Quest,,3857,,
Rag and Bone Man I,Common,Quest,,3858,,
Eagles' Peak,Common,Quest,,3859,,
Biohazard,Common,Quest,,3860,,
Tower of Life,Common,Quest,,3861,,
Client of Kourend,Common,Quest,,3862,,
A Porcine of Interest,Common,Quest,,3863,Mages of the Shore,
Children of the Sun,Common,Quest,,3864,,
Ribbiting Tale,Common,Quest,,3865,,
Ethically Acquired Antiquities,Common,Quest,,3866,,
Pandemonium,Common,Quest,,3867,,
Current Affairs,Common,Quest,,3868,,
Lost City,Uncommon,Quest,,3869,,
Witch's House,Uncommon,Quest,,3870,,
Merlin's Crystal,Uncommon,Quest,,3871,,
Scorpion Catcher,Uncommon,Quest,,3872,,
Tribal Totem,Uncommon,Quest,,3873,,
Temple of Ikov,Uncommon,Quest,,3874,,
Holy Grail,Uncommon,Quest,,3875,,
Tree Gnome Village,Uncommon,Quest,,3876,,
Fight Arena,Uncommon,Quest,,3877,,
Sea Slug,Uncommon,Quest,,3878,,
Waterfall Quest,Uncommon,Quest,,3879,,
The Grand Tree,Uncommon,Quest,,3880,,
Observatory Quest,Uncommon,Quest,,3881,,
The Tourist Trap,Uncommon,Quest,,3882,,
Watchtower,Uncommon,Quest,,3883,,
The Dig Site,Uncommon,Quest,,3884,,
Eadgar's Ruse,Uncommon,Quest,,3885,,
Big Chompy Bird Hunting,Uncommon,Quest,,3886,,
Nature Spirit,Uncommon,Quest,,3887,,
Tai Bwo Wannai Trio,Uncommon,Quest,,3888,,
Troll Stronghold,Uncommon,Quest,,3889,,
Shades of Mort'ton,Uncommon,Quest,,3890,,
The Fremennik Trials,Uncommon,Quest,,3891,,
Horror from the Deep,Uncommon,Quest,,3892,,
Troll Romance,Uncommon,Quest,,3893,,
In Search of the Myreque,Uncommon,Quest,,3894,,
Creature of Fenkenstrain,Uncommon,Quest,,3895,,
Ghosts Ahoy,Uncommon,Quest,,3896,,
Mountain Daughter,Uncommon,Quest,,3897,,
The Feud,Uncommon,Quest,,3898,Emir’s Dominion,
The Golem,Uncommon,Quest,,3899,,
Icthlarin's Little Helper,Uncommon,Quest,,3900,,
Tears of Guthix,Uncommon,Quest,,3901,,
The Lost Tribe,Uncommon,Quest,,3902,Humble Beginnings,
The Giant Dwarf,Uncommon,Quest,,3903,,
Forgettable Tale...,Uncommon,Quest,,3904,,
Garden of Tranquillity,Uncommon,Quest,,3905,,
A Tail of Two Cats,Uncommon,Quest,,3906,,
Wanted!,Uncommon,Quest,,3907,,
Shadow of the Storm,Uncommon,Quest,,3908,Emir’s Dominion,
Making History,Uncommon,Quest,,3909,,
Ratcatchers,Uncommon,Quest,,3910,,
Spirits of the Elid,Uncommon,Quest,,3911,,
The Hand in the Sand,Uncommon,Quest,,3912,,
Fairytale I - Growing Pains,Uncommon,Quest,,3913,,
In Aid of the Myreque,Uncommon,Quest,,3914,,
A Soul's Bane,Uncommon,Quest,,3915,,
Death to the Dorgeshuun,Uncommon,Quest,,3916,,
The Eyes of Glouphrie,Uncommon,Quest,,3917,,
The Slug Menace,Uncommon,Quest,,3918,,
Elemental Workshop II,Uncommon,Quest,,3919,,
Enlightened Journey,Uncommon,Quest,,3920,,
Animal Magnetism,Uncommon,Quest,,3921,,
Cold War,Uncommon,Quest,,3922,,
What Lies Below,Uncommon,Quest,,3923,,
Olaf's Quest,Uncommon,Quest,,3924,,
Another Slice of H.A.M.,Uncommon,Quest,,3925,,
Shilo Village,Uncommon,Quest,,3926,,
Zogre Flesh Eaters,Uncommon,Quest,,3927,,
The Queen of Thieves,Uncommon,Quest,,3928,,
Bone Voyage,Uncommon,Quest,,3929,,
The Depths of Despair,Uncommon,Quest,,3930,,
Tale of the Righteous,Uncommon,Quest,,3931,,
The Ascent of Arceuus,Uncommon,Quest,,3932,,
The Forsaken Tower,Uncommon,Quest,,3933,,
Getting Ahead,Uncommon,Quest,,3934,,
Temple of the Eye,Uncommon,Quest,,3935,,
Sleeping Giants,Uncommon,Quest,,3936,,
The Garden of Death,Uncommon,Quest,,3937,,
Twilight's Promise,Uncommon,Quest,,3938,,
At First Light,Uncommon,Quest,,3939,,
Death on the Isle,Uncommon,Quest,,3940,,
Prying Times,Uncommon,Quest,,3941,,
Scrambled!,Uncommon,Quest,,3942,,
Heroes' Quest,Rare,Quest,,3943,,
Family Crest,Rare,Quest,,3944,,
Underground Pass,Rare,Quest,,3945,,
Regicide,Rare,Quest,,3946,,
Throne of Miscellania,Rare,Quest,,3947,,
Haunted Mine,Rare,Quest,,3948,,
Roving Elves,Rare,Quest,,3949,,
One Small Favour,Rare,Quest,,3950,,
Between a Rock...,Rare,Quest,,3951,,
Rum Deal,Rare,Quest,,3952,,
Devious Minds,Rare,Quest,,3953,,
Enakhra's Lament,Rare,Quest,,3954,,
Cabin Fever,Rare,Quest,,3955,,
Royal Trouble,Rare,Quest,,3956,,
Fairytale II - Cure a Queen,Rare,Quest,,3957,,
Lunar Diplomacy,Rare,Quest,,3958,,
Darkness of Hallowvale,Rare,Quest,,3959,,
My Arm's Big Adventure,Rare,Quest,,3960,,
Contact!,Rare,Quest,,3961,,
The Fremennik Isles,Rare,Quest,,3962,,
The Great Brain Robbery,Rare,Quest,,3963,,
King's Ransom,Rare,Quest,,3964,,
Rag and Bone Man II,Rare,Quest,,3965,,
Land of the Goblins,Rare,Quest,,3966,,
A Taste of Hope,Rare,Quest,,3967,,
Defender of Varrock,Rare,Quest,,3968,,
A Kingdom Divided,Rare,Quest,,3969,,
The Path of Glouphrie,Rare,Quest,,3970,,
The Heart of Darkness,Rare,Quest,,3971,,
Meat and Greet,Rare,Quest,,3972,,
Troubled Tortugans,Rare,Quest,,3973,,
Shadows of Custodia,Rare,Quest,,3974,,
Legends' Quest,Mythic,Quest,,3975,,
Monkey Madness I,Mythic,Quest,,3976,,
Desert Treasure I,Mythic,Quest,,3977,,
Mourning's End Part I,Mythic,Quest,,3978,,
Mourning's End Part II,Mythic,Quest,,3979,,
Swan Song,Mythic,Quest,,3980,,
Dream Mentor,Mythic,Quest,,3981,,
Grim Tales,Mythic,Quest,,3982,,
Making Friends with My Arm,Mythic,Quest,,3983,,
The Fremennik Exiles,Mythic,Quest,,3984,,
The Curse of Arrav,Mythic,Quest,,3985,,
Sins of the Father,Mythic,Quest,,3986,,
A Night at the Theatre,Mythic,Quest,,3987,,
Beneath Cursed Sands,Mythic,Quest,,3988,,
Secrets of the North,Mythic,Quest,,3989,,
Perilous Moons,Mythic,Quest,,3990,,
The Final Dawn,Mythic,Quest,,3991,,
While Guthix Sleeps,Legendary,Quest,,3992,,
Monkey Madness II,Legendary,Quest,,3993,,
Dragon Slayer II,Legendary,Quest,,3994,,
Song of the Elves,Legendary,Quest,,3995,,
Desert Treasure II,Legendary,Quest,,3996,,
Recipe for Disaster,Mythic,Quest,,3997,Humble Beginnings,
Alfred Grimhand's Barcrawl,Common,Mini Quest,,3998,,
Skippy and the Mogres,Common,Mini Quest,,3999,,
Daddy's Home,Common,Mini Quest,,4000,,
Vale Totems,Common,Mini Quest,,4001,,
Enter the Abyss,Uncommon,Mini Quest,,4002,,
Bear Your Soul,Uncommon,Mini Quest,,4003,,
The Enchanted Key,Uncommon,Mini Quest,,4004,,
Family Pest,Uncommon,Mini Quest,,4005,,
The General's Shadow,Rare,Mini Quest,,4006,,
Barbarian Training,Rare,Mini Quest,,4007,,
Curse of the Empty Lord,Rare,Mini Quest,,4008,,
Lair of Tarn Razorlor,Rare,Mini Quest,,4009,,
Mage Arena I,Rare,Mini Quest,,4010,,
In Search of Knowledge,Rare,Mini Quest,,4011,,
His Faithful Servants,Rare,Mini Quest,,4012,,
Mage Arena II,Mythic,Mini Quest,,4013,,
The Frozen Door,Mythic,Mini Quest,,4014,,
Hopespear's Will,Mythic,Mini Quest,,4015,,
Into the Tombs,Mythic,Mini Quest,,4016,,
Draynor,Common,Land,Unlocks: 12337;12338;12339;12340,4017,Humble Beginnings,
Varrock,Rare,Land,Unlocks: 12596;12597;12598;12852;12853;12854;13108;13109;13110,4018,Humble Beginnings,
Falador,Rare,Land,Unlocks: 11571;11572;11827;11828;12083;12084,4019,Mages of the Shore,
Ice Mountain + Barb. + Edgeville,Common,Land,Unlocks: 11829;11830;12085;12086;12341;12342,4020,Mages of the Shore,
Taverley,Common,Land,Unlocks: 11573;11574,4021,Knights of Saradomin,
Catherby + Camelot,Uncommon,Land,Unlocks: 11061;11062;11317;11318,4022,,
Burthorpe + Death Plateau,Common,Land,Unlocks: 11063;11319;11575;11320;11576,4023,,
Trollheim,Common,Land,Unlocks: 11321;11577,4024,,
Fremmenik Province,Rare,Land,Unlocks: 10296;10297;10552;10553;10554;10808;10809;10810;10811;11064;11065,4025,,
Falador Outskirts,Common,Land,Unlocks: 11570;11824;11825;11826;12082;12081,4026,Knights of Saradomin,
Karamja North,Uncommon,Land,Unlocks: 10801;10802;11057;11058;11313;11569,4027,Ports and POHs,
Crandor,Common,Land,Unlocks: 11314;11315,4028,Ports and POHs,
Entrana,Common,Land,Unlocks: 11060;11316,4029,Ports and POHs,
Al Kharid,Uncommon,Land,Unlocks: 13105;13106;13107 13361;13362;13363;13617,4030,Humble Beginnings,
Morytania North,Rare,Land,Unlocks: 13622;13623;13624;13878;13879;14134;14135;14390;14391;14646;14647,4031,Ruins of Senntisten,
Morytania South,Mythic,Land,"Unlocks: 13618;13619;13620;13621;13873;13874;13875;13876;13877;14129;14130;14131;
14133;14389;14645",4032,Creatures of the Night,
Morytania  East,Rare,Land,"Unlocks: 14132;14385;14386;14387;14388;14641;14642;14643;14644;14898;14899;14900;
14901",4033,Morytania South Booster,
Digsite + Silvarea,Common,Land,Unlocks: 13364;13365;13366,4034,Jewel of Misthalin,
Seers’ Village,Common,Land,Unlocks: 10550;10551;10805;10806;10807,4035,,
Ardougne,Rare,Land,Unlocks: 9779;9780;10035;10036;10291;10292;10547;10548,4036,,
Witchaven,Common,Land,Unlocks: 10803;10804;11059,4037,,
Hemenster,Common,Land,Unlocks: 10037;10038;10293;10294;10549,4038,,
Barbarian Outpost,Common,Land,Unlocks: 10039;10040,4039,,
Waterbirth Island,Common,Land,Unlocks: 10042,4040,,
Iceberg,Common,Land,Unlocks: 10558;10559,4041,,
Miscellania & Etceteria,Uncommon,Land,Unlocks: 10044;10300,4042,,
Fremmenik Isles,Uncommon,Land,Unlocks: 9275;9276;9531;9532,4043,,
Lunar Isle + Pirate’s Cove,Rare,Land,Unlocks: 8252;8253;8508;8509;8763,4044,,
Ungael + Island of Stone,Uncommon,Land,Unlocks: 9023;9790,4045,,
Fremmenik Waters,Rare,Land,"Unlocks: 7994;7995;7996;7997;7998;8250;8251;8254;8255;8506;8507;8510;8511;8762;
8764;8765;8766;8767;9018;9019;9020;9021;9022;9274;9277;9278;9279;9530;9533;
9534;9535;9784;9785;9786;9787;9788;9789;9791;10041;10043;10045;10046;10047;
10298;10299;10301;10302;10303;10555;10556;10557;10812;10813;10814;10815;",4046,,
Piscatoris,Uncommon,Land,Unlocks: 9015; 9016;9271;9272;9273;9527;9528,4047,,
Tree Gnome Stronghold,Uncommon,Land,Unlocks: 9525;9526;9781;9782;9783,4048,,
Feldip Hills,Rare,Land,"Unlocks: 9772;9773;9774;9775;10028;10029;10030;10031;10284;10285;10286;10287;
10542",4049,,
Ardougne Outskirts,Uncommon,Land,Unlocks: 9777;9778;10033;10034;10289;10290;10545;10546,4050,,
South Wilderness,Uncommon,Land,"Unlocks: 11831;11832;12087;12088;12343;12344;12599;12600;12855;12856;13111;13112;
13367;13368",4051,Fallen Empires,
Central Wilderness,Uncommon,Land,"Unlocks: 11833;11834;11835;12089;12090;12091;12345;12346;12347;12601;12602;12603;
12857;12858;12859;13113;13114;13115;13369;13370;13771",4052,,
North Wilderness,Uncommon,Land,"Unlocks: 11836;11837;12092;12093;12348;12349;12604;12605;12860;12861;13116;13117;
13372;13373",4053,,
Port Piscarilius,,Land,Unlocks: 6969;6970;6971;7225;7226;7227;,4054,,
Arceuus,,Land,Unlocks: 6458;6459;6460;6714;6715;6716;6972;,4055,,
Kingstown,,Land,Unlocks: 6457;6713,4056,,
Lovakenj,,Land,Unlocks: 5690;5691;5692;5946;5947;5948;6202;6203,4057,,
Shayzien,,Land,Unlocks: 5686;5687;5688;5689;5942;5943;5944;5945;6199;6200;6201,4058,,
Hosidius,,Land,"Unlocks: 6198;6454;6455;6456;6710;6711;6712;6966;6967;6968;7221;7222;7223;7224;
7478;7479",4059,,
Kourend Woodland,,Land,Unlocks: 5941;6197;6453,4060,,
Kourend Outskirts,,Land,Unlocks: 4665;4666;4667;4921;4922;4923;5178;5179;5180 5433;5434;5435,4061,,
North Kharidian Desert,,Land,"12590;12591;12846;12847;12848;13102;13103;13104;13358;13359;13360;13614;13615;13616;
13870;13871;13872;14126;",4062,,
South Kharidian Desert,,Land,,4063,,
Barbarian Assault,,Minigame,,4082,,
Bounty Hunter,,Minigame,,4083,,
Castle Wars,,Minigame,,4084,,
Clan Wars,,Minigame,,4085,,
Emir’s Arena,,Minigame,,4086,Emir’s Dominion,
Fortis Colliseum,,Minigame,,4087,,
Inferno,,Minigame,,4088,,
Intelligence Gathering,,Minigame,,4089,,
Last Man Standing,,Minigame,,4090,,
Mage Arena,,Minigame,,4091,,
Nightmare Zone,,Minigame,,4092,Yanille Booster,
Pest Control,,Minigame,,4093,Ports and POHs,
Soul Wars,,Minigame,,4094,,
Temple Trekking,,Minigame,,4095,,
TzHaar Fight Cave,,Minigame,,4096,,
TzHaar Fight Pit,,Minigame,,4097,,
TzHar-Ket-Rak’s Challenges,,Minigame,,4098,,
Archery Competition,,Minigame,,4099,,
Blast Furnace,,Minigame,,4100,,
Brimhaven Agility Arena,,Minigame,,4101,,
Fishing Trawler,,Minigame,,4102,,
Giants’ Foundry,,Minigame,,4103,,
Gnome Ball,,Minigame,,4104,,
Gnome Restaurant,,Minigame,,4105,,
Guardians of the Rift,,Minigame,,4106,,
Hallowed Sepulchre,,Minigame,,4107,,
Impetuous Impulses,,Minigame,,4108,,
Mage Training Arena,,Minigame,,4109,,
Mahogany Homes,,Minigame,,4110,,
Mastering Mixology,,Minigame,,4111,,
Mess,,Minigame,,4112,,
Pyramid Plunder,,Minigame,,4113,,
Rogues’ Den,,Minigame,,4114,The Concealed King,
Sorceress’s Garden,,Minigame,,4115,Emir’s Dominion,
Stealing artefacts,,Minigame,,4116,,
Tithe Farm,,Minigame,,4117,,
Trouble Brewing,,Minigame,,4118,,
Vale Totems,,Minigame,,4119,,
Volcanic Mine,,Minigame,,4120,,
Shades of Mort'ton,,Minigame,,4121,,
Tai Bwo Wannai Cleanup,,Minigame,,4122,,
The Gauntlet,,Minigame,,4123,,
Warriors’ Guild,,Minigame,,4124,,
Burthorpe Games Room,,Minigame,,4125,The Concealed King,
Forestry,,Minigame,,4126,Mages of the Shore,
Rat Pits,,Minigame,,4127,,
Tears of Guthix,,Minigame,,4128,Humble Beginnings,
Barrows,,Minigame,,4129,,
Moons of Peril,,Minigame,,4130,,
Zalcano,,Minigame,,4131,,
Wintertodt,,Minigame,,4132,,
Tempoross,,Minigame,,4133,Shifting Sands,
Blast Mine,,Minigame,,4134,,
Camdozaal Vault,,Minigame,,4135,Fallen Empires,
Managing Miscellania,,Minigame,,4136,,
Stealing Valuables,,Minigame,,4137,,
Underwater Agility and Thieving,,Minigame,,4138,,
Werewolf Skullball,,Minigame,,4139,,
Adventure Sight,Mythic,Boon,Unlocks the Quest Helper Plugin.,4140,Karamja North Booster,
Treasure Trawler,Rare,Boon,Items gained through Clue Scrolls are unlocked.,4141,Emir’s Dominion,
Emblem of Finance,Mythic,Boon,Unlocks the ability to bank.,4142,Jewel of Misthalin,
Mercantile Mastery,Legendary,Boon,Unlocks the ability to trade players and on the Grand Exchange.,4143,Jewel of Misthalin,
Death’s Mercy,Mythic,Boon,Untradeable Items are not lost on Death.,4144,Fallen Empires,
Insatiable Greed,Mythic,Boon,Coins are not lost on Death.,4145,Jewel of Misthalin,
Meager Offering,Common,Boon,Unlocks Bones;Bat Bones;Wolf Bones;and Big Bones.,4146,Humble Beginnings,
Artisan’s Touch,Mythic,Boon,Items obtained through Skilling are unlocked. This does not include Monster Drops from combat.,4147,Kourend Booster,
Bloodlust,Rare,Boon,Items obtained from low level (1-40) Monster Drops are unlocked.,4148,Creatures of the Night,
Primal Hunger,Legendary,Boon,Items obtained from max level (500-10;000) Monster Drops are unlocked.,4149,Wilderness North Booster Pack,
Venerated Offering,Mythic,Boon,Unlocks all Bones.,4150,Shadows Over Hallowvale,
Inversion of Fate,Rare,Boon,Once;you may choose two of your unlocked item cards. Lock them;then unlock an item card in the current area’s Booster Pack,4151,Mages of the Shore,
Bank Note,Rare,Relic,Unlocks the ability to bank.,4152,Humble Beginnings,
Pillar of Commerce,Mythic,Relic,Unlocks the ability to trade players and on the Grand Exchange.,4153,,
Opus of Wisdom,Rare,Relic,Grants access to the OSRS Wiki.,4154,Mages of the Shore,
Old Watch,Uncommon,Relic,Unlocks the Time Tracking Plugin.,4155,Humble Beginnings,
Enchanted Harp,Uncommon,Relic,Each unlocked music track now rewards a booster pack.,4156,Mages of the Shore,
Opal Idol,Uncommon,Relic,On Death;you may destroy this Relic;then pick up to 3 Items to keep.,4157,Humble Beginnings,
Jade Idol,Uncommon,Relic,On Death;you may destroy this Relic;then pick up to 5 Items to keep.,4158,Mages of the Shore,
Sapphire Idol,Uncommon,Relic,On Death;you may destroy this Relic;then pick up to 7 in any combination of Relics and Items to keep.,4159,Emir’s Dominion,
Emerald Idol,Rare,Relic,On Death;you may destroy this Relic;then pick up to 10 in any combination of Relics and Items to keep.,4160,Jewel of Misthalin,
Ruby Idol,Rare,Relic,On Death;you may destroy this Relic;then pick up to 15 in any combination of Relics and Items to keep.,4161,Ports and POHs,
Topaz Idol,Rare,Relic,On Death;you may destroy this Relic;then pick up to 25 in any combination of Relics and Items to keep.,4162,Light of Saradomin,
Diamond Idol,Mythic,Relic,On Death;you may destroy this Relic;then pick up to 50 in any combination of Relics and Items to keep.,4163,Karamja North Booster,
Dragonstone Idol,Mythic,Relic,On Death;you may destroy this Relic;then pick up to 100 in any combination of Relics and Items to keep.,4164,Fallen Empires,
Onyx Idol,Mythic,Relic,On Death;you may destroy this Relic to pick and keep half of all other Items and Relics. You can only own one Onyx Idol.,4165,Shadows Over Hallowvale,
Zenyte Idol,Legendary,Relic,On Death;you may destroy this Relic to keep all other Items and Relics. You can only own one Zenyte Idol.,4166,Gnome Booster Pack,
Incarnadine Shard,Mythic,Relic,All Killing Tasks grant an extra Booster Pack. You can only own one Incarnadine Shard.,4167,Shadows Over Hallowvale,
Ranged,Rare,Skill,,4168,Humble Beginnings,
Prayer,Rare,Skill,,4169,Knights of Saradomin,
Magic,Rare,Skill,,4170,Humble Beginnings,
Runecraft,Rare,Skill,,4171,Mages of the Shore,
Crafting,Rare,Skill,,4172,Emir’s Dominion,
Mining,Uncommon,Skill,,4173,Humble Beginnings,
Smithing,Uncommon,Skill,,4174,Emir’s Dominion,
Fishing,Uncommon,Skill,,4175,Fallen Empires,
Cooking,Uncommon,Skill,,4176,Jewel of Misthalin,
Firemaking,Common,Skill,,4177,Fallen Empires,
Woodcutting,Uncommon,Skill,,4178,Humble Beginnings,
Agility,Mythic,Skill,,4179,The Concealed King,
Herblore,Rare,Skill,,4180,Taverley Booster Pack,
Thieving,Mythic,Skill,,4181,The Concealed King,
Fletching,Uncommon,Skill,,4182,Jewel of Misthalin,
Slayer,Uncommon,Skill,,4183,Mages of the Shore,
Farming,Mythic,Skill,,4184,Taverley Booster Pack,
Construction,Rare,Skill,,4185,Ports and POHs,
Hunter,Uncommon,Skill,,4186,Shifting Sands,
Sailing,Rare,Skill,,4187,Ports and POHs,
Demon Hunter,Rare,Boon,"Booster packs from Demon Combat Tasks gain an additional Uncommon slot.
(You still pull 10 cards)",,,
Goal Oriented,Rare,Boon,Goal Packs are more likely to show up.,,,
Monster Totem,Legendary,Relic,Unlocks the Boss Booster pack for each Boss Monster’s Reward Track.,,,
Ghoul Charm,Uncommon,Relic,Each Booster Pack reward from an Undead Combat Task may be rerolled once.,,,
